LAD19CD,Name,5,6,7,8,9,10,11,12,13,14,15,16,17,18,19,20,21,22,23,24,25,26,27,28,29,30,31,32,33,34,35,36,37,38,39
E06000001,Hartlepool,NA,NA,NA,NA,NA,NA,NA,3.22,9.65,30.03,52.55,78.29,105.1,86.87,82.58,75.07,33.25,22.52,25.74,16.09,4.29,6.43,2.14,3.22,6.43,13.94,6.43,7.51,8.58,8.58,16.09,52.55,55.77,79.36,110.47
E06000002,Middlesbrough,NA,NA,NA,NA,NA,NA,0.71,4.27,34.15,96.77,78.98,91.79,78.27,90.36,51.94,31.31,49.81,13.52,24.19,14.23,7.83,6.4,2.85,2.85,5.69,4.27,5.69,27.04,17.79,18.5,28.46,52.65,37,53.36,115.98
E06000003,Redcar and Cleveland,NA,NA,NA,NA,NA,NA,0.73,4.39,29.99,51.93,46.08,45.35,65.83,76.8,64.37,30.72,40.96,25.6,19.02,3.66,0.73,5.12,0.73,1.46,2.93,NA,4.39,NA,5.85,7.31,22.67,29.99,19.75,35.11,60.71
E06000004,Stockton-on-Tees,NA,NA,NA,NA,NA,NA,2.54,3.55,18.25,45.13,42.09,39.04,50.2,67.44,47.16,40.06,39.55,21.3,20.28,20.79,15.21,9.13,4.56,4.06,1.52,4.06,5.07,5.07,4.56,3.04,14.7,24.34,31.44,52.73,86.2
E06000005,Darlington,NA,NA,NA,NA,NA,0.94,0.94,0.94,14.08,36.6,88.21,55.36,77.89,106.04,45.04,42.23,39.41,19.71,14.08,15.95,4.69,0.94,0.94,1.88,3.75,1.88,3.75,2.82,1.88,1.88,11.26,14.08,24.4,35.66,90.09
E06000006,Halton,NA,NA,NA,NA,NA,NA,3.11,3.11,21.8,66.96,70.85,62.29,54.5,62.29,28.03,55.28,41.27,30.37,10.12,4.67,6.23,6.23,7.79,2.34,3.11,1.56,5.45,9.34,9.34,3.89,7.79,28.81,81.76,190.76,195.43
E06000007,Warrington,NA,NA,NA,NA,NA,NA,1.91,2.86,19.09,63.95,83.99,87.81,90.67,74.92,46.29,42.95,29.59,23.38,23.86,15.75,9.07,6.68,3.82,3.34,4.77,3.82,2.39,17.18,6.2,2.39,13.84,57.74,111.67,131.24,155.1
E06000008,Blackburn with Darwen,NA,NA,NA,NA,NA,NA,0.67,2.01,17.46,42.3,58.41,53.04,59.08,68.48,65.13,55.73,78.55,33.57,39.61,19.47,32.9,24.17,29.54,49.01,83.25,91.98,83.93,74.53,78.55,55.05,51.03,73.85,128.24,195.38,134.95
E06000009,Blackpool,NA,NA,NA,NA,NA,NA,2.15,3.59,12.2,47.38,59.58,91.88,96.19,85.42,65.32,46.66,81.83,48.81,33.74,23.69,10.77,15.79,6.46,7.9,2.87,7.9,7.18,9.33,11.49,7.18,7.9,22.97,35.17,72.5,62.45
E06000010,"Kingston upon Hull, City of",NA,NA,NA,NA,0.38,NA,NA,1.15,4.6,15.35,34.91,54.1,68.68,113.95,56.4,51.79,70.98,42.2,18.03,26.86,22.64,5.37,3.45,1.92,6.14,3.84,2.69,1.15,6.91,3.45,3.45,9.98,11.89,14.2,23.79
E06000011,East Riding of Yorkshire,NA,NA,NA,NA,NA,NA,2.94,2.36,9.42,23.26,33.27,41.22,66.55,83.33,37.98,56.24,35.92,35.04,12.37,19.43,14.43,4.71,3.53,2.36,0.88,1.18,1.47,1.47,4.42,6.18,4.42,10.89,22.38,22.97,37.69
E06000012,North East Lincolnshire,NA,NA,NA,NA,NA,NA,NA,2.5,13.14,16.89,17.52,14.39,18.15,8.13,6.88,3.75,4.38,5.01,4.38,8.13,1.88,1.88,2.5,NA,3.13,1.88,2.5,1.25,6.26,3.75,3.13,9.39,8.13,13.14,25.65
E06000013,North Lincolnshire,NA,NA,NA,NA,NA,0.58,NA,2.33,10.46,22.67,38.37,51.74,73.84,73.25,33.72,46.51,25,18.02,8.14,2.33,4.65,3.49,4.07,1.74,3.49,2.33,1.74,1.16,2.91,6.4,7.56,11.05,26.74,29.07,36.05
E06000014,York,0.48,NA,NA,NA,NA,0.48,1.43,3.81,8.1,22.39,26.68,31.44,66.7,88.14,70.04,46.21,20.49,15.25,8.58,7.62,6.67,1.91,3.34,3.34,1.91,4.29,0.95,4.76,5.24,4.29,8.1,14.29,35.26,43.83,49.07
E06000015,Derby,NA,NA,NA,NA,NA,0.39,3.89,18.66,41.22,53.27,31.11,27.61,45.88,36.55,40.83,32.66,32.66,28.39,27.22,26.83,24.5,14.78,9.72,7,5.83,3.5,7,11.67,6.61,8.94,7.78,16.33,28,36.94,27.61
E06000016,Leicester,NA,NA,NA,NA,NA,NA,0.84,8.45,19.42,42.23,45.89,29.84,45.89,53.49,63.62,77.7,69.82,54.33,77.98,122.46,141.88,143.86,126.12,110.92,73.76,59.12,57.15,69.25,49.83,45.89,25.9,60.53,91.49,112.33,88.68
E06000017,Rutland,NA,NA,NA,NA,NA,NA,NA,NA,10.08,10.08,12.6,7.56,20.15,20.15,30.23,42.82,20.15,17.63,15.11,10.08,2.52,2.52,7.56,5.04,10.08,7.56,NA,5.04,12.6,7.56,15.11,5.04,12.6,12.6,27.71
E06000018,Nottingham,NA,NA,NA,NA,0.3,0.6,4.23,9.97,16.91,31.41,34.74,39.57,52.56,37.15,19.33,16.61,18.73,16.61,18.73,12.69,10.57,8.46,5.44,2.11,4.83,3.02,8.46,5.74,9.97,12.08,10.27,32.02,32.02,36.25,62.22
E06000019,"Herefordshire, County of",NA,NA,NA,NA,NA,0.52,2.6,4.68,10.41,19.26,23.42,26.55,66.11,56.74,52.05,36.44,40.08,17.18,17.7,9.37,2.08,1.56,2.08,35.92,24.47,5.73,5.73,3.64,5.21,5.21,2.6,12.49,19.26,8.85,11.45
E06000020,Telford and Wrekin,NA,NA,NA,NA,NA,0.56,0.56,3.94,23.06,26.43,19.12,31.5,41.62,31.5,30.93,34.31,38.25,15.75,10.12,10.12,8.44,5.06,3.37,6.75,8.44,2.81,5.06,2.81,15.19,10.69,3.37,15.19,14.06,20.81,31.5
E06000021,Stoke-on-Trent,NA,NA,NA,NA,NA,NA,1.17,3.13,16.81,29.32,35.57,38.7,55.9,74.66,68.4,58.24,41.43,44.56,28.53,22.28,17.98,14.46,12.51,10.55,4.3,3.52,5.86,16.42,24.23,23.45,15.24,30.1,31.27,39.09,39.48
E06000022,Bath and North East Somerset,NA,NA,NA,NA,NA,NA,2.08,7.81,14.58,12.49,33.84,25.51,21.86,22.38,9.37,8.85,7.29,5.21,1.56,1.04,1.56,NA,NA,1.04,2.08,3.12,3.64,1.56,5.21,15.62,7.81,17.7,7.29,14.58,25.51
E06000023,"Bristol, City of",NA,NA,NA,NA,NA,0.65,1.73,6.47,15.97,24.17,30,26.97,38.41,36.04,27.19,12.08,15.11,20.28,11.01,4.75,1.73,2.16,2.37,2.16,2.59,5.18,3.45,4.32,8.63,11.87,9.93,19.64,12.95,17.7,20.72
E06000024,North Somerset,NA,NA,NA,NA,NA,NA,1.87,1.87,10.75,21.04,17.3,23.37,46.75,68.25,54.23,47.68,49.08,41.14,21.5,7.48,1.4,3.74,1.4,1.87,1.87,1.87,2.34,4.21,2.34,1.87,11.22,26.65,12.15,25.24,20.1
E06000025,South Gloucestershire,NA,NA,NA,NA,NA,0.35,4.25,3.54,18.75,24.77,26.89,21.94,45.64,43.52,18.04,21.23,16.63,4.95,6.72,2.83,0.35,0.71,1.77,0.35,2.12,2.48,2.83,4.6,2.48,10.97,9.2,13.44,14.86,16.63,16.63
E06000026,Plymouth,NA,NA,NA,NA,NA,NA,2.28,3.8,12.54,20.52,17.86,34.59,45.61,36.87,23.19,25.47,7.98,7.6,3.42,1.52,1.52,2.28,3.42,1.52,1.14,2.28,2.66,1.52,3.42,7.22,13.3,12.92,18.62,20.9,16.34
E06000027,Torbay,NA,NA,NA,NA,NA,5.16,0.74,7.36,14.73,17.68,29.46,41.24,46.4,11.78,8.1,8.84,3.68,0.74,NA,0.74,0.74,NA,4.42,0.74,1.47,5.16,0.74,1.47,1.47,9.57,2.95,10.31,0.74,8.84,11.78
E06000030,Swindon,NA,NA,NA,NA,NA,0.9,1.35,3.15,11.26,26.58,45.5,41.89,42.34,44.6,30.18,27.93,15.77,9.01,6.76,5.86,10.36,7.66,3.15,4.96,8.56,23.42,49.1,49.55,42.79,40.09,19.82,16.22,11.71,9.91,14.41
E06000031,Peterborough,NA,NA,NA,NA,NA,NA,0.99,6.96,11.94,20.39,21.39,23.88,56.21,110.43,81.58,75.11,61.68,36.81,35.32,26.36,27.86,22.88,19.4,33.33,21.89,19.9,22.88,16.41,14.92,18.9,21.39,26.36,27.86,19.4,24.37
E06000032,Luton,NA,NA,NA,NA,NA,0.93,0.47,14.95,34.56,65.85,79.4,54.18,47.64,51.38,31.76,52.78,55.11,32.69,29.42,36.9,28.49,16.81,16.81,25.22,28.96,21.95,19.62,27.09,14.95,13.54,10.28,28.02,27.56,50.44,53.71
E06000033,Southend-on-Sea,NA,NA,NA,NA,NA,0.55,1.64,4.93,25.21,55.9,38.36,19.18,29.05,21.92,25.76,20.83,19.18,24.11,16.44,26.85,21.37,9.32,10.96,8.22,8.22,2.74,2.74,2.19,4.38,5.48,11.51,13.7,15.35,17.54,26.31
E06000034,Thurrock,NA,NA,NA,NA,NA,NA,1.74,11.01,29.56,44.63,39.99,24.92,33.04,23.76,17.97,18.55,11.01,11.59,16.81,14.49,11.59,6.96,3.48,6.96,5.22,4.64,1.16,2.9,6.96,5.22,5.22,11.59,12.17,12.75,21.45
E06000035,Medway,NA,NA,NA,NA,NA,0.72,3.6,7.92,26.63,51.11,58.3,40.67,34.91,38.87,32.39,20.87,16.56,6.48,7.56,6.12,10.08,5.04,5.76,5.04,4.68,4.32,5.04,1.44,1.08,4.68,3.96,8.28,7.56,11.16,13.32
E06000036,Bracknell Forest,NA,NA,NA,NA,NA,0.82,2.47,9.04,16.44,37.81,40.27,44.38,36.98,27.12,23.01,15.62,20.55,11.51,9.04,6.57,4.11,1.64,1.64,4.11,2.47,3.29,2.47,NA,6.57,5.75,6.57,19.72,25.48,13.15,20.55
E06000037,West Berkshire,NA,NA,NA,NA,NA,0.63,2.52,10.09,22.71,39.74,33.43,50.46,39.11,31.54,12.62,15.77,23.34,6.94,5.05,1.26,NA,1.26,1.26,1.89,4.42,5.68,4.42,1.26,5.68,6.94,6.94,9.46,5.68,13.88,17.03
E06000038,Reading,NA,NA,NA,NA,NA,0.61,4.29,8.58,26.96,42.89,58.21,93.14,65.56,53.92,31.25,22.67,21.45,13.48,12.87,5.51,1.84,5.51,2.45,5.51,6.74,7.35,3.68,4.29,6.74,11.03,12.87,20.83,9.8,9.8,23.28
E06000039,Slough,NA,NA,NA,NA,NA,2.68,16.1,20.12,38.23,39.57,52.98,58.35,41.58,51.64,24.81,13.41,8.72,7.38,8.05,12.07,13.41,10.06,8.05,5.37,4.69,4.69,12.74,18.78,16.1,12.74,11.4,21.46,22.13,27.5,61.03
E06000040,Windsor and Maidenhead,NA,NA,NA,NA,NA,0.66,9.94,15.24,24.52,31.81,30.48,37.11,26.51,22.53,15.9,10.6,11.27,9.28,11.27,3.31,1.99,1.33,0.66,3.98,3.98,5.3,3.31,5.3,8.61,25.84,13.92,20.54,45.06,18.55,23.19
E06000041,Wokingham,NA,NA,NA,NA,0.6,1.19,5.36,7.14,23.22,39.89,38.1,65.48,52.39,35.12,24.41,20.24,13.1,5.36,5.95,6.55,0.6,2.98,2.38,6.55,1.19,1.79,2.38,2.98,2.38,7.14,7.74,10.72,11.91,10.12,25
E06000042,Milton Keynes,NA,NA,NA,NA,NA,0.74,1.12,10.8,31.27,37.23,37.6,31.27,41.32,48.4,26.06,11.54,8.93,3.35,3.72,7.45,11.17,4.1,2.61,2.23,0.74,4.1,2.61,8.93,8.56,10.8,7.07,14.52,12.66,18.99,18.24
E06000043,Brighton and Hove,NA,1.72,NA,NA,NA,0.69,2.07,5.85,18.94,27.2,29.27,34.44,27.2,25.14,14.46,12.05,10.68,19.63,16.87,8.61,5.17,2.75,2.41,2.75,3.79,6.89,3.1,3.1,4.13,7.92,9.64,13.09,23.76,11.02,12.4
E06000044,Portsmouth,NA,NA,NA,NA,NA,NA,4.18,12.55,20.45,19.52,32.07,23.24,41.37,29.28,20.45,7.44,6.04,5.58,2.79,2.32,0.93,NA,1.86,2.79,1.86,1.86,2.32,2.79,2.79,5.11,7.44,10.69,12.09,16.73,23.24
E06000045,Southampton,NA,NA,NA,NA,NA,0.4,1.98,8.31,24.13,39.56,33.62,37.18,49.45,43.51,31.25,28.48,20.97,16.22,13.45,7.12,5.54,0.79,4.35,5.14,2.37,6.72,1.19,3.96,4.75,5.93,7.91,8.31,10.28,14.24,14.24
E06000046,Isle of Wight,NA,NA,NA,NA,NA,0.71,0.71,4.24,4.95,12.72,15.54,13.42,50.87,64.29,35.33,33.91,27.55,19.08,6.36,2.12,2.83,1.41,1.41,NA,NA,NA,1.41,2.12,1.41,1.41,2.12,6.36,4.95,3.53,4.24
E06000047,County Durham,NA,NA,NA,NA,NA,NA,0.57,2.85,16.89,43.27,75.52,71.54,88.62,90.71,65.47,69.26,46.3,22.77,13.85,7.78,5.12,5.31,2.66,2.66,2.28,2.66,2.28,2.28,8.35,9.87,12.33,32.83,40.61,65.28,88.24
E06000049,Cheshire East,NA,NA,NA,NA,NA,NA,2.89,5.51,17.59,40.18,55.15,59.61,67.75,70.64,51.47,53.57,41.76,32.04,24.42,20.22,15.49,12.34,6.04,3.41,5.51,2.1,7.09,7.09,10.24,8.4,11.29,24.16,25.47,35.98,48.06
E06000050,Cheshire West and Chester,NA,NA,NA,NA,NA,0.29,2.06,4.7,20.56,55.21,54.04,49.34,54.92,69.6,53.74,58.15,45.23,33.77,23.49,14.68,11.75,10.28,12.33,9.69,6.75,6.17,7.05,5.58,6.17,8.81,8.22,19.97,31.13,44.93,57.86
E06000051,Shropshire,NA,NA,NA,NA,NA,0.62,1.87,5.31,21.23,22.79,24.98,31.54,44.96,43.09,47.77,39.03,44.96,26.23,34.35,18.73,14.05,8.12,7.18,3.43,0.62,5.93,5.93,1.56,7.18,7.49,7.81,11.55,14.67,20.3,28.73
E06000052,Cornwall,NA,NA,NA,NA,NA,0.88,1.06,4.22,10.56,19.89,19.71,19.89,19.36,20.41,12.67,8.45,4.93,4.05,3.34,3.7,0.7,1.41,1.76,1.23,0.7,3.52,1.58,2.46,2.11,2.82,2.11,5.81,9.15,20.24,31.15
E06000053,Isles of Scilly,NA,NA,NA,NA,NA,NA,NA,NA,NA,NA,NA,NA,NA,NA,NA,NA,NA,NA,NA,NA,NA,NA,NA,NA,NA,NA,NA,NA,NA,NA,NA,NA,NA,NA,NA
E06000054,Wiltshire,NA,NA,NA,NA,0.2,0.6,1.81,5.62,10.84,17.07,16.66,17.47,32.73,35.94,30.12,36.74,14.05,12.25,10.84,1.61,1.2,1.81,1.81,2.61,2.81,3.81,4.82,3.41,5.82,4.02,3.81,19.07,9.24,10.04,10.64
E06000055,Bedford,NA,NA,NA,NA,NA,NA,0.58,6.99,33.21,43.7,62.93,60.6,61.76,79.83,60.6,55.35,57.68,39.62,38.46,45.45,47.2,20.98,21.56,6.99,15.15,18.65,19.81,12.24,6.99,12.82,17.48,19.23,22.14,31.46,39.62
E06000056,Central Bedfordshire,NA,NA,NA,NA,NA,NA,3.88,7.4,21.16,38.43,42.66,33.5,52.19,43.02,28.21,32.79,26.8,35.26,17.28,17.63,17.63,7.4,5.64,4.94,6.7,4.94,5.64,4.23,8.11,7.76,8.46,11.28,13.05,22.92,19.04
E06000057,Northumberland,NA,NA,NA,NA,NA,NA,0.94,3.12,18.11,49.96,71.81,82.43,68.38,59.32,40.59,33.1,13.74,21.86,9.99,8.12,3.43,2.81,3.12,1.87,1.56,1.87,1.25,1.56,6.24,11.86,9.05,21.23,28.73,84.62,143.63
E06000058,"Bournemouth, Christchurch and Poole",NA,NA,NA,NA,NA,0.76,1.52,1.77,10.61,19.46,30.57,25.52,24,38.91,19.71,11.62,7.58,5.81,2.27,0.76,1.26,1.26,1.26,1.01,2.27,2.02,1.01,2.78,3.79,4.04,6.32,17.69,18.7,20.97,19.96
E07000143,Breckland,NA,NA,NA,NA,NA,NA,NA,NA,NA,NA,NA,NA,NA,NA,NA,NA,NA,NA,NA,NA,NA,NA,NA,NA,NA,NA,NA,NA,NA,NA,NA,NA,NA,NA,NA
E07000144,Broadland,NA,NA,NA,NA,NA,NA,NA,NA,NA,NA,NA,NA,NA,NA,NA,NA,NA,NA,NA,NA,NA,NA,NA,NA,NA,NA,NA,NA,NA,NA,NA,NA,NA,NA,NA
E07000145,Great Yarmouth,NA,NA,NA,NA,NA,NA,NA,NA,NA,NA,NA,NA,NA,NA,NA,NA,NA,NA,NA,NA,NA,NA,NA,NA,NA,NA,NA,NA,NA,NA,NA,NA,NA,NA,NA
E07000146,King's Lynn and West Norfolk,NA,NA,NA,NA,NA,NA,NA,NA,NA,NA,NA,NA,NA,NA,NA,NA,NA,NA,NA,NA,NA,NA,NA,NA,NA,NA,NA,NA,NA,NA,NA,NA,NA,NA,NA
E07000147,North Norfolk,NA,NA,NA,NA,NA,NA,NA,NA,NA,NA,NA,NA,NA,NA,NA,NA,NA,NA,NA,NA,NA,NA,NA,NA,NA,NA,NA,NA,NA,NA,NA,NA,NA,NA,NA
E07000148,Norwich,NA,NA,NA,NA,NA,NA,NA,NA,NA,NA,NA,NA,NA,NA,NA,NA,NA,NA,NA,NA,NA,NA,NA,NA,NA,NA,NA,NA,NA,NA,NA,NA,NA,NA,NA
E07000149,South Norfolk,NA,NA,NA,NA,NA,NA,NA,NA,NA,NA,NA,NA,NA,NA,NA,NA,NA,NA,NA,NA,NA,NA,NA,NA,NA,NA,NA,NA,NA,NA,NA,NA,NA,NA,NA
E07000150,Corby,NA,NA,NA,NA,NA,NA,NA,NA,NA,NA,NA,NA,NA,NA,NA,NA,NA,NA,NA,NA,NA,NA,NA,NA,NA,NA,NA,NA,NA,NA,NA,NA,NA,NA,NA
E07000151,Daventry,NA,NA,NA,NA,NA,NA,NA,NA,NA,NA,NA,NA,NA,NA,NA,NA,NA,NA,NA,NA,NA,NA,NA,NA,NA,NA,NA,NA,NA,NA,NA,NA,NA,NA,NA
E07000152,East Northamptonshire,NA,NA,NA,NA,NA,NA,NA,NA,NA,NA,NA,NA,NA,NA,NA,NA,NA,NA,NA,NA,NA,NA,NA,NA,NA,NA,NA,NA,NA,NA,NA,NA,NA,NA,NA
E07000153,Kettering,NA,NA,NA,NA,NA,NA,NA,NA,NA,NA,NA,NA,NA,NA,NA,NA,NA,NA,NA,NA,NA,NA,NA,NA,NA,NA,NA,NA,NA,NA,NA,NA,NA,NA,NA
E07000154,Northampton,NA,NA,NA,NA,NA,NA,NA,NA,NA,NA,NA,NA,NA,NA,NA,NA,NA,NA,NA,NA,NA,NA,NA,NA,NA,NA,NA,NA,NA,NA,NA,NA,NA,NA,NA
E07000155,South Northamptonshire,NA,NA,NA,NA,NA,NA,NA,NA,NA,NA,NA,NA,NA,NA,NA,NA,NA,NA,NA,NA,NA,NA,NA,NA,NA,NA,NA,NA,NA,NA,NA,NA,NA,NA,NA
E07000156,Wellingborough,NA,NA,NA,NA,NA,NA,NA,NA,NA,NA,NA,NA,NA,NA,NA,NA,NA,NA,NA,NA,NA,NA,NA,NA,NA,NA,NA,NA,NA,NA,NA,NA,NA,NA,NA
E07000163,Craven,NA,NA,NA,NA,NA,NA,NA,NA,NA,NA,NA,NA,NA,NA,NA,NA,NA,NA,NA,NA,NA,NA,NA,NA,NA,NA,NA,NA,NA,NA,NA,NA,NA,NA,NA
E07000164,Hambleton,NA,NA,NA,NA,NA,NA,NA,NA,NA,NA,NA,NA,NA,NA,NA,NA,NA,NA,NA,NA,NA,NA,NA,NA,NA,NA,NA,NA,NA,NA,NA,NA,NA,NA,NA
E07000165,Harrogate,NA,NA,NA,NA,NA,NA,NA,NA,NA,NA,NA,NA,NA,NA,NA,NA,NA,NA,NA,NA,NA,NA,NA,NA,NA,NA,NA,NA,NA,NA,NA,NA,NA,NA,NA
E07000166,Richmondshire,NA,NA,NA,NA,NA,NA,NA,NA,NA,NA,NA,NA,NA,NA,NA,NA,NA,NA,NA,NA,NA,NA,NA,NA,NA,NA,NA,NA,NA,NA,NA,NA,NA,NA,NA
E07000167,Ryedale,NA,NA,NA,NA,NA,NA,NA,NA,NA,NA,NA,NA,NA,NA,NA,NA,NA,NA,NA,NA,NA,NA,NA,NA,NA,NA,NA,NA,NA,NA,NA,NA,NA,NA,NA
E07000168,Scarborough,NA,NA,NA,NA,NA,NA,NA,NA,NA,NA,NA,NA,NA,NA,NA,NA,NA,NA,NA,NA,NA,NA,NA,NA,NA,NA,NA,NA,NA,NA,NA,NA,NA,NA,NA
E07000169,Selby,NA,NA,NA,NA,NA,NA,NA,NA,NA,NA,NA,NA,NA,NA,NA,NA,NA,NA,NA,NA,NA,NA,NA,NA,NA,NA,NA,NA,NA,NA,NA,NA,NA,NA,NA
E07000170,Ashfield,NA,NA,NA,NA,NA,NA,NA,NA,NA,NA,NA,NA,NA,NA,NA,NA,NA,NA,NA,NA,NA,NA,NA,NA,NA,NA,NA,NA,NA,NA,NA,NA,NA,NA,NA
E07000171,Bassetlaw,NA,NA,NA,NA,NA,NA,NA,NA,NA,NA,NA,NA,NA,NA,NA,NA,NA,NA,NA,NA,NA,NA,NA,NA,NA,NA,NA,NA,NA,NA,NA,NA,NA,NA,NA
E07000172,Broxtowe,NA,NA,NA,NA,NA,NA,NA,NA,NA,NA,NA,NA,NA,NA,NA,NA,NA,NA,NA,NA,NA,NA,NA,NA,NA,NA,NA,NA,NA,NA,NA,NA,NA,NA,NA
E07000173,Gedling,NA,NA,NA,NA,NA,NA,NA,NA,NA,NA,NA,NA,NA,NA,NA,NA,NA,NA,NA,NA,NA,NA,NA,NA,NA,NA,NA,NA,NA,NA,NA,NA,NA,NA,NA
E07000174,Mansfield,NA,NA,NA,NA,NA,NA,NA,NA,NA,NA,NA,NA,NA,NA,NA,NA,NA,NA,NA,NA,NA,NA,NA,NA,NA,NA,NA,NA,NA,NA,NA,NA,NA,NA,NA
E07000175,Newark and Sherwood,NA,NA,NA,NA,NA,NA,NA,NA,NA,NA,NA,NA,NA,NA,NA,NA,NA,NA,NA,NA,NA,NA,NA,NA,NA,NA,NA,NA,NA,NA,NA,NA,NA,NA,NA
E07000176,Rushcliffe,NA,NA,NA,NA,NA,NA,NA,NA,NA,NA,NA,NA,NA,NA,NA,NA,NA,NA,NA,NA,NA,NA,NA,NA,NA,NA,NA,NA,NA,NA,NA,NA,NA,NA,NA
E07000177,Cherwell,NA,NA,NA,NA,NA,NA,NA,NA,NA,NA,NA,NA,NA,NA,NA,NA,NA,NA,NA,NA,NA,NA,NA,NA,NA,NA,NA,NA,NA,NA,NA,NA,NA,NA,NA
E07000178,Oxford,NA,NA,NA,NA,NA,NA,NA,NA,NA,NA,NA,NA,NA,NA,NA,NA,NA,NA,NA,NA,NA,NA,NA,NA,NA,NA,NA,NA,NA,NA,NA,NA,NA,NA,NA
E07000179,South Oxfordshire,NA,NA,NA,NA,NA,NA,NA,NA,NA,NA,NA,NA,NA,NA,NA,NA,NA,NA,NA,NA,NA,NA,NA,NA,NA,NA,NA,NA,NA,NA,NA,NA,NA,NA,NA
E07000180,Vale of White Horse,NA,NA,NA,NA,NA,NA,NA,NA,NA,NA,NA,NA,NA,NA,NA,NA,NA,NA,NA,NA,NA,NA,NA,NA,NA,NA,NA,NA,NA,NA,NA,NA,NA,NA,NA
E07000181,West Oxfordshire,NA,NA,NA,NA,NA,NA,NA,NA,NA,NA,NA,NA,NA,NA,NA,NA,NA,NA,NA,NA,NA,NA,NA,NA,NA,NA,NA,NA,NA,NA,NA,NA,NA,NA,NA
E07000187,Mendip,NA,NA,NA,NA,NA,NA,NA,NA,NA,NA,NA,NA,NA,NA,NA,NA,NA,NA,NA,NA,NA,NA,NA,NA,NA,NA,NA,NA,NA,NA,NA,NA,NA,NA,NA
E07000188,Sedgemoor,NA,NA,NA,NA,NA,NA,NA,NA,NA,NA,NA,NA,NA,NA,NA,NA,NA,NA,NA,NA,NA,NA,NA,NA,NA,NA,NA,NA,NA,NA,NA,NA,NA,NA,NA
E07000189,South Somerset,NA,NA,NA,NA,NA,NA,NA,NA,NA,NA,NA,NA,NA,NA,NA,NA,NA,NA,NA,NA,NA,NA,NA,NA,NA,NA,NA,NA,NA,NA,NA,NA,NA,NA,NA
E07000192,Cannock Chase,NA,NA,NA,NA,NA,NA,NA,NA,NA,NA,NA,NA,NA,NA,NA,NA,NA,NA,NA,NA,NA,NA,NA,NA,NA,NA,NA,NA,NA,NA,NA,NA,NA,NA,NA
E07000193,East Staffordshire,NA,NA,NA,NA,NA,NA,NA,NA,NA,NA,NA,NA,NA,NA,NA,NA,NA,NA,NA,NA,NA,NA,NA,NA,NA,NA,NA,NA,NA,NA,NA,NA,NA,NA,NA
E07000194,Lichfield,NA,NA,NA,NA,NA,NA,NA,NA,NA,NA,NA,NA,NA,NA,NA,NA,NA,NA,NA,NA,NA,NA,NA,NA,NA,NA,NA,NA,NA,NA,NA,NA,NA,NA,NA
E07000195,Newcastle-under-Lyme,NA,NA,NA,NA,NA,NA,NA,NA,NA,NA,NA,NA,NA,NA,NA,NA,NA,NA,NA,NA,NA,NA,NA,NA,NA,NA,NA,NA,NA,NA,NA,NA,NA,NA,NA
E07000196,South Staffordshire,NA,NA,NA,NA,NA,NA,NA,NA,NA,NA,NA,NA,NA,NA,NA,NA,NA,NA,NA,NA,NA,NA,NA,NA,NA,NA,NA,NA,NA,NA,NA,NA,NA,NA,NA
E07000197,Stafford,NA,NA,NA,NA,NA,NA,NA,NA,NA,NA,NA,NA,NA,NA,NA,NA,NA,NA,NA,NA,NA,NA,NA,NA,NA,NA,NA,NA,NA,NA,NA,NA,NA,NA,NA
E07000198,Staffordshire Moorlands,NA,NA,NA,NA,NA,NA,NA,NA,NA,NA,NA,NA,NA,NA,NA,NA,NA,NA,NA,NA,NA,NA,NA,NA,NA,NA,NA,NA,NA,NA,NA,NA,NA,NA,NA
E07000199,Tamworth,NA,NA,NA,NA,NA,NA,NA,NA,NA,NA,NA,NA,NA,NA,NA,NA,NA,NA,NA,NA,NA,NA,NA,NA,NA,NA,NA,NA,NA,NA,NA,NA,NA,NA,NA
E07000200,Babergh,NA,NA,NA,NA,NA,NA,NA,NA,NA,NA,NA,NA,NA,NA,NA,NA,NA,NA,NA,NA,NA,NA,NA,NA,NA,NA,NA,NA,NA,NA,NA,NA,NA,NA,NA
E07000202,Ipswich,NA,NA,NA,NA,NA,NA,NA,NA,NA,NA,NA,NA,NA,NA,NA,NA,NA,NA,NA,NA,NA,NA,NA,NA,NA,NA,NA,NA,NA,NA,NA,NA,NA,NA,NA
E07000203,Mid Suffolk,NA,NA,NA,NA,NA,NA,NA,NA,NA,NA,NA,NA,NA,NA,NA,NA,NA,NA,NA,NA,NA,NA,NA,NA,NA,NA,NA,NA,NA,NA,NA,NA,NA,NA,NA
E07000207,Elmbridge,NA,NA,NA,NA,NA,NA,NA,NA,NA,NA,NA,NA,NA,NA,NA,NA,NA,NA,NA,NA,NA,NA,NA,NA,NA,NA,NA,NA,NA,NA,NA,NA,NA,NA,NA
E07000208,Epsom and Ewell,NA,NA,NA,NA,NA,NA,NA,NA,NA,NA,NA,NA,NA,NA,NA,NA,NA,NA,NA,NA,NA,NA,NA,NA,NA,NA,NA,NA,NA,NA,NA,NA,NA,NA,NA
E07000209,Guildford,NA,NA,NA,NA,NA,NA,NA,NA,NA,NA,NA,NA,NA,NA,NA,NA,NA,NA,NA,NA,NA,NA,NA,NA,NA,NA,NA,NA,NA,NA,NA,NA,NA,NA,NA
E07000210,Mole Valley,NA,NA,NA,NA,NA,NA,NA,NA,NA,NA,NA,NA,NA,NA,NA,NA,NA,NA,NA,NA,NA,NA,NA,NA,NA,NA,NA,NA,NA,NA,NA,NA,NA,NA,NA
E07000211,Reigate and Banstead,NA,NA,NA,NA,NA,NA,NA,NA,NA,NA,NA,NA,NA,NA,NA,NA,NA,NA,NA,NA,NA,NA,NA,NA,NA,NA,NA,NA,NA,NA,NA,NA,NA,NA,NA
E07000212,Runnymede,NA,NA,NA,NA,NA,NA,NA,NA,NA,NA,NA,NA,NA,NA,NA,NA,NA,NA,NA,NA,NA,NA,NA,NA,NA,NA,NA,NA,NA,NA,NA,NA,NA,NA,NA
E07000213,Spelthorne,NA,NA,NA,NA,NA,NA,NA,NA,NA,NA,NA,NA,NA,NA,NA,NA,NA,NA,NA,NA,NA,NA,NA,NA,NA,NA,NA,NA,NA,NA,NA,NA,NA,NA,NA
E07000214,Surrey Heath,NA,NA,NA,NA,NA,NA,NA,NA,NA,NA,NA,NA,NA,NA,NA,NA,NA,NA,NA,NA,NA,NA,NA,NA,NA,NA,NA,NA,NA,NA,NA,NA,NA,NA,NA
E07000215,Tandridge,NA,NA,NA,NA,NA,NA,NA,NA,NA,NA,NA,NA,NA,NA,NA,NA,NA,NA,NA,NA,NA,NA,NA,NA,NA,NA,NA,NA,NA,NA,NA,NA,NA,NA,NA
E07000216,Waverley,NA,NA,NA,NA,NA,NA,NA,NA,NA,NA,NA,NA,NA,NA,NA,NA,NA,NA,NA,NA,NA,NA,NA,NA,NA,NA,NA,NA,NA,NA,NA,NA,NA,NA,NA
E07000217,Woking,NA,NA,NA,NA,NA,NA,NA,NA,NA,NA,NA,NA,NA,NA,NA,NA,NA,NA,NA,NA,NA,NA,NA,NA,NA,NA,NA,NA,NA,NA,NA,NA,NA,NA,NA
E07000218,North Warwickshire,NA,NA,NA,NA,NA,NA,NA,NA,NA,NA,NA,NA,NA,NA,NA,NA,NA,NA,NA,NA,NA,NA,NA,NA,NA,NA,NA,NA,NA,NA,NA,NA,NA,NA,NA
E07000219,Nuneaton and Bedworth,NA,NA,NA,NA,NA,NA,NA,NA,NA,NA,NA,NA,NA,NA,NA,NA,NA,NA,NA,NA,NA,NA,NA,NA,NA,NA,NA,NA,NA,NA,NA,NA,NA,NA,NA
E07000220,Rugby,NA,NA,NA,NA,NA,NA,NA,NA,NA,NA,NA,NA,NA,NA,NA,NA,NA,NA,NA,NA,NA,NA,NA,NA,NA,NA,NA,NA,NA,NA,NA,NA,NA,NA,NA
E07000221,Stratford-on-Avon,NA,NA,NA,NA,NA,NA,NA,NA,NA,NA,NA,NA,NA,NA,NA,NA,NA,NA,NA,NA,NA,NA,NA,NA,NA,NA,NA,NA,NA,NA,NA,NA,NA,NA,NA
E07000222,Warwick,NA,NA,NA,NA,NA,NA,NA,NA,NA,NA,NA,NA,NA,NA,NA,NA,NA,NA,NA,NA,NA,NA,NA,NA,NA,NA,NA,NA,NA,NA,NA,NA,NA,NA,NA
E07000223,Adur,NA,NA,NA,NA,NA,NA,NA,NA,NA,NA,NA,NA,NA,NA,NA,NA,NA,NA,NA,NA,NA,NA,NA,NA,NA,NA,NA,NA,NA,NA,NA,NA,NA,NA,NA
E07000224,Arun,NA,NA,NA,NA,NA,NA,NA,NA,NA,NA,NA,NA,NA,NA,NA,NA,NA,NA,NA,NA,NA,NA,NA,NA,NA,NA,NA,NA,NA,NA,NA,NA,NA,NA,NA
E07000225,Chichester,NA,NA,NA,NA,NA,NA,NA,NA,NA,NA,NA,NA,NA,NA,NA,NA,NA,NA,NA,NA,NA,NA,NA,NA,NA,NA,NA,NA,NA,NA,NA,NA,NA,NA,NA
E07000226,Crawley,NA,NA,NA,NA,NA,NA,NA,NA,NA,NA,NA,NA,NA,NA,NA,NA,NA,NA,NA,NA,NA,NA,NA,NA,NA,NA,NA,NA,NA,NA,NA,NA,NA,NA,NA
E07000227,Horsham,NA,NA,NA,NA,NA,NA,NA,NA,NA,NA,NA,NA,NA,NA,NA,NA,NA,NA,NA,NA,NA,NA,NA,NA,NA,NA,NA,NA,NA,NA,NA,NA,NA,NA,NA
E07000228,Mid Sussex,NA,NA,NA,NA,NA,NA,NA,NA,NA,NA,NA,NA,NA,NA,NA,NA,NA,NA,NA,NA,NA,NA,NA,NA,NA,NA,NA,NA,NA,NA,NA,NA,NA,NA,NA
E07000229,Worthing,NA,NA,NA,NA,NA,NA,NA,NA,NA,NA,NA,NA,NA,NA,NA,NA,NA,NA,NA,NA,NA,NA,NA,NA,NA,NA,NA,NA,NA,NA,NA,NA,NA,NA,NA
E07000234,Bromsgrove,NA,NA,NA,NA,NA,NA,NA,NA,NA,NA,NA,NA,NA,NA,NA,NA,NA,NA,NA,NA,NA,NA,NA,NA,NA,NA,NA,NA,NA,NA,NA,NA,NA,NA,NA
E07000235,Malvern Hills,NA,NA,NA,NA,NA,NA,NA,NA,NA,NA,NA,NA,NA,NA,NA,NA,NA,NA,NA,NA,NA,NA,NA,NA,NA,NA,NA,NA,NA,NA,NA,NA,NA,NA,NA
E07000236,Redditch,NA,NA,NA,NA,NA,NA,NA,NA,NA,NA,NA,NA,NA,NA,NA,NA,NA,NA,NA,NA,NA,NA,NA,NA,NA,NA,NA,NA,NA,NA,NA,NA,NA,NA,NA
E07000237,Worcester,NA,NA,NA,NA,NA,NA,NA,NA,NA,NA,NA,NA,NA,NA,NA,NA,NA,NA,NA,NA,NA,NA,NA,NA,NA,NA,NA,NA,NA,NA,NA,NA,NA,NA,NA
E07000238,Wychavon,NA,NA,NA,NA,NA,NA,NA,NA,NA,NA,NA,NA,NA,NA,NA,NA,NA,NA,NA,NA,NA,NA,NA,NA,NA,NA,NA,NA,NA,NA,NA,NA,NA,NA,NA
E07000239,Wyre Forest,NA,NA,NA,NA,NA,NA,NA,NA,NA,NA,NA,NA,NA,NA,NA,NA,NA,NA,NA,NA,NA,NA,NA,NA,NA,NA,NA,NA,NA,NA,NA,NA,NA,NA,NA
E07000240,St Albans,NA,NA,NA,NA,NA,NA,NA,NA,NA,NA,NA,NA,NA,NA,NA,NA,NA,NA,NA,NA,NA,NA,NA,NA,NA,NA,NA,NA,NA,NA,NA,NA,NA,NA,NA
E07000241,Welwyn Hatfield,NA,NA,NA,NA,NA,NA,NA,NA,NA,NA,NA,NA,NA,NA,NA,NA,NA,NA,NA,NA,NA,NA,NA,NA,NA,NA,NA,NA,NA,NA,NA,NA,NA,NA,NA
E07000242,East Hertfordshire,NA,NA,NA,NA,NA,NA,NA,NA,NA,NA,NA,NA,NA,NA,NA,NA,NA,NA,NA,NA,NA,NA,NA,NA,NA,NA,NA,NA,NA,NA,NA,NA,NA,NA,NA
E07000243,Stevenage,NA,NA,NA,NA,NA,NA,NA,NA,NA,NA,NA,NA,NA,NA,NA,NA,NA,NA,NA,NA,NA,NA,NA,NA,NA,NA,NA,NA,NA,NA,NA,NA,NA,NA,NA
E07000244,East Suffolk,NA,NA,NA,NA,NA,NA,NA,NA,NA,NA,NA,NA,NA,NA,NA,NA,NA,NA,NA,NA,NA,NA,NA,NA,NA,NA,NA,NA,NA,NA,NA,NA,NA,NA,NA
E07000245,West Suffolk,NA,NA,NA,NA,NA,NA,NA,NA,NA,NA,NA,NA,NA,NA,NA,NA,NA,NA,NA,NA,NA,NA,NA,NA,NA,NA,NA,NA,NA,NA,NA,NA,NA,NA,NA
E07000246,Somerset West and Taunton,NA,NA,NA,NA,NA,NA,NA,NA,NA,NA,NA,NA,NA,NA,NA,NA,NA,NA,NA,NA,NA,NA,NA,NA,NA,NA,NA,NA,NA,NA,NA,NA,NA,NA,NA
E08000001,Bolton,NA,NA,NA,NA,0.35,0.7,2.1,5.26,13.67,53.96,79.55,84.1,73.24,70.78,43.1,42.4,38.55,30.49,27.68,15.07,16.12,23.83,19.97,16.12,16.12,14.37,23.83,29.44,25.58,19.27,72.54,153.48,215.51,235.83,180.12
E08000002,Bury,NA,NA,NA,NA,1.58,0.53,1.58,8.94,28.4,48.92,84.69,89.95,66.28,59.97,35.77,43.13,76.8,34.19,33.14,26.83,12.62,7.36,10.52,3.68,11.05,14.73,18.41,25.25,33.67,37.35,28.4,70.49,98.37,188.31,166.75
E08000003,Manchester,NA,NA,NA,NA,NA,0.73,2.56,5.11,22.83,41.27,66.83,49.12,55.15,42.18,42.91,39.99,36.16,28.3,21.55,21,21.55,18.63,14.24,14.06,14.61,25.38,35.24,38.71,49.67,43.83,44.37,69.21,83.45,174.21,200.32
E08000004,Oldham,NA,NA,NA,NA,NA,1.7,2.55,12.73,33.53,51.78,105.25,75.12,58.57,64.51,59.84,44.99,42.44,49.23,33.95,56.45,38.62,31.41,20.8,16.55,19.52,58.14,62.81,106.1,87.43,58.57,65.36,67.91,117.56,181.22,150.24
E08000005,Rochdale,NA,NA,NA,NA,NA,NA,2.27,9.09,32.73,44.55,70,66.36,59.09,40.91,47.73,46.36,47.73,40.45,46.82,40.91,53.64,37.73,34.09,34.09,47.27,35.91,31.36,45.45,35.91,43.18,44.55,69.55,94.09,148.18,150.91
E08000006,Salford,NA,NA,NA,NA,NA,NA,1.57,16.12,37.73,53.06,70.75,73.9,64.07,53.85,30.66,20.44,20.44,15.72,16.12,13.76,10.22,8.25,8.65,14.94,11.4,22.01,29.09,24.76,38.52,27.91,40.88,77.04,98.66,146.61,146.22
E08000007,Stockport,NA,NA,NA,NA,0.34,0.34,3.43,12.68,23.99,63.41,72.32,72.66,69.23,65.12,46.61,33.59,31.19,14.74,13.02,7.88,12.68,7.2,7.88,3.77,7.88,17.14,25.7,27.08,19.19,13.37,10.97,32.9,46.61,83.28,76.77
E08000008,Tameside,NA,NA,NA,NA,NA,0.44,5.77,11.55,21.31,45.74,51.07,55.95,47.07,61.28,44.85,77.71,79.49,37.74,36.41,32.42,33.75,17.76,13.32,8.88,6.22,16.43,28.42,38.19,27.53,32.86,38.63,75.49,110.13,138.55,133.22
E08000009,Trafford,NA,NA,NA,NA,NA,1.69,4.65,12.69,29.19,63.04,60.08,51.19,53.73,51.61,33,40.61,42.73,30.04,17.77,16.92,10.15,3.81,6.77,5.92,11,38.92,30.04,24.96,24.96,20.73,39.77,33.42,47.38,69.81,105.77
E08000010,Wigan,NA,NA,NA,NA,NA,0.92,0.92,3.07,19.93,42.93,62.25,88.63,114.69,92.61,72.37,54.89,41.4,20.85,11.65,10.73,5.52,4.91,3.07,3.68,3.99,7.97,7.05,7.67,9.81,12.57,13.19,38.33,50.29,121.13,125.43
E08000011,Knowsley,NA,NA,NA,NA,NA,NA,2.01,5.35,34.1,86.25,88.25,88.25,87.58,88.25,53.49,30.75,26.74,17.38,8.02,8.69,6.02,21.39,12.03,3.34,3.34,3.34,9.36,16.05,10.7,5.35,12.03,50.81,110.32,205.92,246.71
E08000012,Liverpool,NA,NA,NA,NA,NA,1.01,1.82,11.92,38.6,68.31,74.57,56.18,54.77,53.15,30.31,28.29,19.81,16.98,8.49,6.26,6.47,7.88,10.51,4.24,3.23,8.89,13.54,11.92,13.34,17.99,17.18,57.19,114.79,199.67,239.28
E08000013,St. Helens,NA,NA,NA,NA,NA,NA,1.67,6.11,45.54,97.2,72.2,88.86,129.41,74.42,32.21,43.32,23.33,16.11,8.33,8.33,6.66,6.66,2.78,1.67,1.67,2.78,3.89,15.55,9.44,10.55,6.66,50.54,104.97,128.85,199.95
E08000014,Sefton,NA,NA,NA,NA,NA,NA,2.54,5.08,30.14,78.43,73.71,79.52,64.63,57.74,40.67,30.5,27.23,14.89,10.89,11.62,8.35,5.45,5.08,6.9,7.99,6.17,3.63,7.26,13.44,10.89,16.7,37.4,58.1,122.37,167.03
E08000015,Wirral,NA,NA,NA,NA,0.31,0.62,1.55,4.02,25.99,71.77,85.7,82.91,62.18,50.43,58.78,52.59,35.89,28.15,19.49,14.85,18.87,8.66,3.4,4.33,2.47,4.02,5.57,3.71,5.26,9.59,30.32,66.52,103.64,155.92,142.31
E08000016,Barnsley,NA,NA,NA,NA,NA,1.22,1.63,8.97,41.6,45.27,57.91,60.77,62.81,90.54,59.95,59.54,42.01,39.15,43.64,44.45,55.06,39.97,19.17,10.6,14.27,5.71,13.05,13.46,23.25,8.56,8.56,33.03,26.51,32.63,47.31
E08000017,Doncaster,NA,NA,NA,NA,NA,NA,0.64,6.76,22.86,27.05,25.44,44.12,70.52,82.76,57,69.88,52.17,54.1,45.08,27.05,17.39,21.25,12.88,7.73,5.47,3.22,1.93,4.83,3.22,3.86,3.22,11.27,23.51,51.84,40.25
E08000018,Rotherham,NA,NA,NA,NA,NA,0.38,1.51,8.69,37.78,49.5,49.5,68.01,70.28,82.74,45.72,44.96,58.56,40.05,38.16,28.71,34.38,27.96,22.67,16.62,24.56,11.33,12.09,15.49,18.51,6.05,11.33,30.23,43.07,60.83,72.92
E08000019,Sheffield,NA,NA,NA,NA,0.17,1.72,4.12,30.39,63.35,77.6,62.32,70.39,66.44,65.75,37.77,30.9,25.75,27.3,24.89,29.53,21.12,25.41,17.17,14.08,14.94,17.17,14.08,17,18.03,12.19,20.94,38.28,54.25,61.12,82.92
E08000021,Newcastle upon Tyne,NA,NA,NA,NA,NA,1.33,3,11.99,45.64,67.96,71.95,67.29,55.96,53.63,35.64,25.98,14.66,23.65,7.99,8.66,5.33,3.66,2.66,3.33,3.66,0.67,4,5.33,15.66,15.32,17.32,51.63,67.96,162.23,250.5
E08000022,North Tyneside,NA,NA,NA,NA,NA,0.49,2.43,6.8,25.73,61.17,59.71,61.65,48.55,42.72,41.75,31.56,18.45,12.14,10.68,10.19,4.85,2.91,1.46,2.43,1.94,2.43,1.46,3.88,6.8,5.83,10.68,37.87,50.49,98.07,126.22
E08000023,South Tyneside,NA,NA,NA,NA,NA,NA,0.67,4.66,17.3,62.56,74.53,104.48,101.82,90.51,55.24,55.9,30.61,15.31,6.65,5.32,NA,1.33,1.33,2.66,0.67,2.66,2,3.99,2.66,12.64,46.58,61.23,99.16,200.31,165.71
E08000024,Sunderland,NA,NA,NA,NA,NA,0.36,0.72,5.77,24.87,107.78,115.35,104.18,82.55,79.66,49.38,24.15,19.1,8.29,5.77,3.24,1.8,1.8,0.72,2.52,2.88,1.44,3.6,7.57,7.21,7.57,8.65,74.62,86.15,140.58,172.66
E08000025,Birmingham,NA,NA,NA,NA,0.09,0.26,4.47,18.75,47.49,61.5,35.48,50.12,46.52,37.15,26.11,22.43,15.86,13.76,9.55,8.59,9.81,6.92,6.13,7.01,13.05,13.32,12.62,22.78,31.1,24.97,31.19,80.87,88.49,121.7,119.94
E08000026,Coventry,NA,NA,NA,NA,NA,0.82,1.09,9.54,30.81,40.9,36.81,32.44,45.8,42.8,35.44,28.08,21.27,11.45,6.54,6,6.27,1.36,4.09,2.73,6.82,10.36,14.72,15.54,23.17,12,17.72,27.81,36.53,55.89,62.16
E08000027,Dudley,NA,NA,NA,NA,NA,0.31,4.37,14.66,38.99,50.84,37.74,54.89,48.03,51.77,24.33,27.13,15.91,11.23,12.48,4.05,4.05,2.81,3.12,2.18,1.25,5.3,3.43,5.61,5.61,7.49,10.92,24.64,28.69,40.55,44.6
E08000028,Sandwell,NA,NA,NA,NA,NA,NA,4.58,17.72,41.85,64.45,50.09,57.73,55.29,50.09,30.55,30.24,29.02,17.11,14.05,18.02,7.33,5.19,3.97,8.55,23.83,32.68,18.63,25.35,24.13,21.38,27.49,41.85,64.45,95.91,90.11
E06000059,Dorset,NA,NA,NA,NA,NA,NA,2.12,4.52,10.62,18.59,19.92,14.87,21.25,32.94,11.95,5.84,5.58,6.11,1.33,0.8,1.06,1.06,0.8,1.86,1.33,0.8,1.86,2.12,2.66,3.98,2.39,10.36,6.64,5.31,7.7
E07000004,Aylesbury Vale,NA,NA,NA,NA,NA,NA,NA,NA,NA,NA,NA,NA,NA,NA,NA,NA,NA,NA,NA,NA,NA,NA,NA,NA,NA,NA,NA,NA,NA,NA,NA,NA,NA,NA,NA
E07000005,Chiltern,NA,NA,NA,NA,NA,NA,NA,NA,NA,NA,NA,NA,NA,NA,NA,NA,NA,NA,NA,NA,NA,NA,NA,NA,NA,NA,NA,NA,NA,NA,NA,NA,NA,NA,NA
E07000006,South Bucks,NA,NA,NA,NA,NA,NA,NA,NA,NA,NA,NA,NA,NA,NA,NA,NA,NA,NA,NA,NA,NA,NA,NA,NA,NA,NA,NA,NA,NA,NA,NA,NA,NA,NA,NA
E07000007,Wycombe,NA,NA,NA,NA,NA,NA,NA,NA,NA,NA,NA,NA,NA,NA,NA,NA,NA,NA,NA,NA,NA,NA,NA,NA,NA,NA,NA,NA,NA,NA,NA,NA,NA,NA,NA
E07000008,Cambridge,NA,NA,NA,NA,NA,NA,NA,NA,NA,NA,NA,NA,NA,NA,NA,NA,NA,NA,NA,NA,NA,NA,NA,NA,NA,NA,NA,NA,NA,NA,NA,NA,NA,NA,NA
E07000009,East Cambridgeshire,NA,NA,NA,NA,NA,NA,NA,NA,NA,NA,NA,NA,NA,NA,NA,NA,NA,NA,NA,NA,NA,NA,NA,NA,NA,NA,NA,NA,NA,NA,NA,NA,NA,NA,NA
E07000010,Fenland,NA,NA,NA,NA,NA,NA,NA,NA,NA,NA,NA,NA,NA,NA,NA,NA,NA,NA,NA,NA,NA,NA,NA,NA,NA,NA,NA,NA,NA,NA,NA,NA,NA,NA,NA
E07000011,Huntingdonshire,NA,NA,NA,NA,NA,NA,NA,NA,NA,NA,NA,NA,NA,NA,NA,NA,NA,NA,NA,NA,NA,NA,NA,NA,NA,NA,NA,NA,NA,NA,NA,NA,NA,NA,NA
E07000012,South Cambridgeshire,NA,NA,NA,NA,NA,NA,NA,NA,NA,NA,NA,NA,NA,NA,NA,NA,NA,NA,NA,NA,NA,NA,NA,NA,NA,NA,NA,NA,NA,NA,NA,NA,NA,NA,NA
E07000026,Allerdale,NA,NA,NA,NA,NA,NA,NA,NA,NA,NA,NA,NA,NA,NA,NA,NA,NA,NA,NA,NA,NA,NA,NA,NA,NA,NA,NA,NA,NA,NA,NA,NA,NA,NA,NA
E07000027,Barrow-in-Furness,NA,NA,NA,NA,NA,NA,NA,NA,NA,NA,NA,NA,NA,NA,NA,NA,NA,NA,NA,NA,NA,NA,NA,NA,NA,NA,NA,NA,NA,NA,NA,NA,NA,NA,NA
E07000028,Carlisle,NA,NA,NA,NA,NA,NA,NA,NA,NA,NA,NA,NA,NA,NA,NA,NA,NA,NA,NA,NA,NA,NA,NA,NA,NA,NA,NA,NA,NA,NA,NA,NA,NA,NA,NA
E07000029,Copeland,NA,NA,NA,NA,NA,NA,NA,NA,NA,NA,NA,NA,NA,NA,NA,NA,NA,NA,NA,NA,NA,NA,NA,NA,NA,NA,NA,NA,NA,NA,NA,NA,NA,NA,NA
E07000030,Eden,NA,NA,NA,NA,NA,NA,NA,NA,NA,NA,NA,NA,NA,NA,NA,NA,NA,NA,NA,NA,NA,NA,NA,NA,NA,NA,NA,NA,NA,NA,NA,NA,NA,NA,NA
E07000031,South Lakeland,NA,NA,NA,NA,NA,NA,NA,NA,NA,NA,NA,NA,NA,NA,NA,NA,NA,NA,NA,NA,NA,NA,NA,NA,NA,NA,NA,NA,NA,NA,NA,NA,NA,NA,NA
E07000032,Amber Valley,NA,NA,NA,NA,NA,NA,NA,NA,NA,NA,NA,NA,NA,NA,NA,NA,NA,NA,NA,NA,NA,NA,NA,NA,NA,NA,NA,NA,NA,NA,NA,NA,NA,NA,NA
E07000033,Bolsover,NA,NA,NA,NA,NA,NA,NA,NA,NA,NA,NA,NA,NA,NA,NA,NA,NA,NA,NA,NA,NA,NA,NA,NA,NA,NA,NA,NA,NA,NA,NA,NA,NA,NA,NA
E07000034,Chesterfield,NA,NA,NA,NA,NA,NA,NA,NA,NA,NA,NA,NA,NA,NA,NA,NA,NA,NA,NA,NA,NA,NA,NA,NA,NA,NA,NA,NA,NA,NA,NA,NA,NA,NA,NA
E07000035,Derbyshire Dales,NA,NA,NA,NA,NA,NA,NA,NA,NA,NA,NA,NA,NA,NA,NA,NA,NA,NA,NA,NA,NA,NA,NA,NA,NA,NA,NA,NA,NA,NA,NA,NA,NA,NA,NA
E07000036,Erewash,NA,NA,NA,NA,NA,NA,NA,NA,NA,NA,NA,NA,NA,NA,NA,NA,NA,NA,NA,NA,NA,NA,NA,NA,NA,NA,NA,NA,NA,NA,NA,NA,NA,NA,NA
E07000037,High Peak,NA,NA,NA,NA,NA,NA,NA,NA,NA,NA,NA,NA,NA,NA,NA,NA,NA,NA,NA,NA,NA,NA,NA,NA,NA,NA,NA,NA,NA,NA,NA,NA,NA,NA,NA
E07000038,North East Derbyshire,NA,NA,NA,NA,NA,NA,NA,NA,NA,NA,NA,NA,NA,NA,NA,NA,NA,NA,NA,NA,NA,NA,NA,NA,NA,NA,NA,NA,NA,NA,NA,NA,NA,NA,NA
E07000039,South Derbyshire,NA,NA,NA,NA,NA,NA,NA,NA,NA,NA,NA,NA,NA,NA,NA,NA,NA,NA,NA,NA,NA,NA,NA,NA,NA,NA,NA,NA,NA,NA,NA,NA,NA,NA,NA
E07000040,East Devon,NA,NA,NA,NA,NA,NA,NA,NA,NA,NA,NA,NA,NA,NA,NA,NA,NA,NA,NA,NA,NA,NA,NA,NA,NA,NA,NA,NA,NA,NA,NA,NA,NA,NA,NA
E07000041,Exeter,NA,NA,NA,NA,NA,NA,NA,NA,NA,NA,NA,NA,NA,NA,NA,NA,NA,NA,NA,NA,NA,NA,NA,NA,NA,NA,NA,NA,NA,NA,NA,NA,NA,NA,NA
E07000042,Mid Devon,NA,NA,NA,NA,NA,NA,NA,NA,NA,NA,NA,NA,NA,NA,NA,NA,NA,NA,NA,NA,NA,NA,NA,NA,NA,NA,NA,NA,NA,NA,NA,NA,NA,NA,NA
E07000043,North Devon,NA,NA,NA,NA,NA,NA,NA,NA,NA,NA,NA,NA,NA,NA,NA,NA,NA,NA,NA,NA,NA,NA,NA,NA,NA,NA,NA,NA,NA,NA,NA,NA,NA,NA,NA
E07000044,South Hams,NA,NA,NA,NA,NA,NA,NA,NA,NA,NA,NA,NA,NA,NA,NA,NA,NA,NA,NA,NA,NA,NA,NA,NA,NA,NA,NA,NA,NA,NA,NA,NA,NA,NA,NA
E07000045,Teignbridge,NA,NA,NA,NA,NA,NA,NA,NA,NA,NA,NA,NA,NA,NA,NA,NA,NA,NA,NA,NA,NA,NA,NA,NA,NA,NA,NA,NA,NA,NA,NA,NA,NA,NA,NA
E07000046,Torridge,NA,NA,NA,NA,NA,NA,NA,NA,NA,NA,NA,NA,NA,NA,NA,NA,NA,NA,NA,NA,NA,NA,NA,NA,NA,NA,NA,NA,NA,NA,NA,NA,NA,NA,NA
E07000047,West Devon,NA,NA,NA,NA,NA,NA,NA,NA,NA,NA,NA,NA,NA,NA,NA,NA,NA,NA,NA,NA,NA,NA,NA,NA,NA,NA,NA,NA,NA,NA,NA,NA,NA,NA,NA
E07000061,Eastbourne,NA,NA,NA,NA,NA,NA,NA,NA,NA,NA,NA,NA,NA,NA,NA,NA,NA,NA,NA,NA,NA,NA,NA,NA,NA,NA,NA,NA,NA,NA,NA,NA,NA,NA,NA
E07000062,Hastings,NA,NA,NA,NA,NA,NA,NA,NA,NA,NA,NA,NA,NA,NA,NA,NA,NA,NA,NA,NA,NA,NA,NA,NA,NA,NA,NA,NA,NA,NA,NA,NA,NA,NA,NA
E07000063,Lewes,NA,NA,NA,NA,NA,NA,NA,NA,NA,NA,NA,NA,NA,NA,NA,NA,NA,NA,NA,NA,NA,NA,NA,NA,NA,NA,NA,NA,NA,NA,NA,NA,NA,NA,NA
E07000064,Rother,NA,NA,NA,NA,NA,NA,NA,NA,NA,NA,NA,NA,NA,NA,NA,NA,NA,NA,NA,NA,NA,NA,NA,NA,NA,NA,NA,NA,NA,NA,NA,NA,NA,NA,NA
E07000065,Wealden,NA,NA,NA,NA,NA,NA,NA,NA,NA,NA,NA,NA,NA,NA,NA,NA,NA,NA,NA,NA,NA,NA,NA,NA,NA,NA,NA,NA,NA,NA,NA,NA,NA,NA,NA
E07000066,Basildon,NA,NA,NA,NA,NA,NA,NA,NA,NA,NA,NA,NA,NA,NA,NA,NA,NA,NA,NA,NA,NA,NA,NA,NA,NA,NA,NA,NA,NA,NA,NA,NA,NA,NA,NA
E07000067,Braintree,NA,NA,NA,NA,NA,NA,NA,NA,NA,NA,NA,NA,NA,NA,NA,NA,NA,NA,NA,NA,NA,NA,NA,NA,NA,NA,NA,NA,NA,NA,NA,NA,NA,NA,NA
E07000068,Brentwood,NA,NA,NA,NA,NA,NA,NA,NA,NA,NA,NA,NA,NA,NA,NA,NA,NA,NA,NA,NA,NA,NA,NA,NA,NA,NA,NA,NA,NA,NA,NA,NA,NA,NA,NA
E07000069,Castle Point,NA,NA,NA,NA,NA,NA,NA,NA,NA,NA,NA,NA,NA,NA,NA,NA,NA,NA,NA,NA,NA,NA,NA,NA,NA,NA,NA,NA,NA,NA,NA,NA,NA,NA,NA
E07000070,Chelmsford,NA,NA,NA,NA,NA,NA,NA,NA,NA,NA,NA,NA,NA,NA,NA,NA,NA,NA,NA,NA,NA,NA,NA,NA,NA,NA,NA,NA,NA,NA,NA,NA,NA,NA,NA
E07000071,Colchester,NA,NA,NA,NA,NA,NA,NA,NA,NA,NA,NA,NA,NA,NA,NA,NA,NA,NA,NA,NA,NA,NA,NA,NA,NA,NA,NA,NA,NA,NA,NA,NA,NA,NA,NA
E07000072,Epping Forest,NA,NA,NA,NA,NA,NA,NA,NA,NA,NA,NA,NA,NA,NA,NA,NA,NA,NA,NA,NA,NA,NA,NA,NA,NA,NA,NA,NA,NA,NA,NA,NA,NA,NA,NA
E07000073,Harlow,NA,NA,NA,NA,NA,NA,NA,NA,NA,NA,NA,NA,NA,NA,NA,NA,NA,NA,NA,NA,NA,NA,NA,NA,NA,NA,NA,NA,NA,NA,NA,NA,NA,NA,NA
E07000074,Maldon,NA,NA,NA,NA,NA,NA,NA,NA,NA,NA,NA,NA,NA,NA,NA,NA,NA,NA,NA,NA,NA,NA,NA,NA,NA,NA,NA,NA,NA,NA,NA,NA,NA,NA,NA
E07000075,Rochford,NA,NA,NA,NA,NA,NA,NA,NA,NA,NA,NA,NA,NA,NA,NA,NA,NA,NA,NA,NA,NA,NA,NA,NA,NA,NA,NA,NA,NA,NA,NA,NA,NA,NA,NA
E07000076,Tendring,NA,NA,NA,NA,NA,NA,NA,NA,NA,NA,NA,NA,NA,NA,NA,NA,NA,NA,NA,NA,NA,NA,NA,NA,NA,NA,NA,NA,NA,NA,NA,NA,NA,NA,NA
E07000077,Uttlesford,NA,NA,NA,NA,NA,NA,NA,NA,NA,NA,NA,NA,NA,NA,NA,NA,NA,NA,NA,NA,NA,NA,NA,NA,NA,NA,NA,NA,NA,NA,NA,NA,NA,NA,NA
E07000078,Cheltenham,NA,NA,NA,NA,NA,NA,NA,NA,NA,NA,NA,NA,NA,NA,NA,NA,NA,NA,NA,NA,NA,NA,NA,NA,NA,NA,NA,NA,NA,NA,NA,NA,NA,NA,NA
E07000079,Cotswold,NA,NA,NA,NA,NA,NA,NA,NA,NA,NA,NA,NA,NA,NA,NA,NA,NA,NA,NA,NA,NA,NA,NA,NA,NA,NA,NA,NA,NA,NA,NA,NA,NA,NA,NA
E07000080,Forest of Dean,NA,NA,NA,NA,NA,NA,NA,NA,NA,NA,NA,NA,NA,NA,NA,NA,NA,NA,NA,NA,NA,NA,NA,NA,NA,NA,NA,NA,NA,NA,NA,NA,NA,NA,NA
E07000081,Gloucester,NA,NA,NA,NA,NA,NA,NA,NA,NA,NA,NA,NA,NA,NA,NA,NA,NA,NA,NA,NA,NA,NA,NA,NA,NA,NA,NA,NA,NA,NA,NA,NA,NA,NA,NA
E07000082,Stroud,NA,NA,NA,NA,NA,NA,NA,NA,NA,NA,NA,NA,NA,NA,NA,NA,NA,NA,NA,NA,NA,NA,NA,NA,NA,NA,NA,NA,NA,NA,NA,NA,NA,NA,NA
E07000083,Tewkesbury,NA,NA,NA,NA,NA,NA,NA,NA,NA,NA,NA,NA,NA,NA,NA,NA,NA,NA,NA,NA,NA,NA,NA,NA,NA,NA,NA,NA,NA,NA,NA,NA,NA,NA,NA
S12000008,East Ayrshire,NA,NA,NA,NA,NA,NA,NA,NA,NA,NA,NA,NA,NA,NA,NA,NA,NA,NA,NA,NA,NA,NA,NA,NA,NA,NA,NA,NA,NA,NA,NA,NA,NA,NA,NA
E08000029,Solihull,NA,NA,NA,NA,NA,NA,0.47,9.31,53.98,58.63,50.25,48.39,60.96,36.76,33.04,13.96,14.42,8.84,3.72,3.26,4.65,6.51,3.72,4.19,9.31,5.12,7.45,8.84,8.38,8.38,9.77,65.14,72.59,73.52,74.45
E08000030,Walsall,NA,NA,NA,NA,0.35,NA,7.41,17.29,50.82,74.46,53.64,58.93,85.4,59.99,25.05,23.29,16.23,12.7,9.18,6.7,4.59,3.18,4.23,9.18,11.65,7.76,8.82,6.35,17.29,13.06,10.23,25.76,38.46,67.4,65.99
E08000031,Wolverhampton,NA,NA,NA,NA,NA,1.91,13.36,24.05,43.51,46.56,50.38,58.4,79.39,61.07,33.97,25.95,19.85,17.18,17.56,9.16,9.92,8.02,5.34,3.82,5.34,17.18,15.27,11.07,18.32,16.41,13.36,41.6,56.11,62.21,70.23
E08000032,Bradford,NA,NA,NA,NA,0.19,NA,1.12,2.42,16.01,29.04,37.6,43.93,59.01,71.49,61.43,71.11,68.32,50.45,50.45,70.18,69.62,49.15,33.69,38.35,43.19,48.77,52.87,54.92,58.08,42.63,53.24,83.21,99.04,146.51,138.88
E08000033,Calderdale,NA,NA,NA,NA,NA,NA,1.43,1.9,15.71,27.13,26.66,32.84,29.51,36.18,27.13,27.61,18.09,10.47,10.95,11.42,12.38,18.09,10.95,23.32,23.32,30.46,39.98,45.22,39.51,29.51,22.85,45.7,59.5,73.78,74.73
E08000034,Kirklees,NA,NA,NA,NA,NA,NA,0.91,4.56,14.82,30.09,29.4,40.57,34.65,44.67,35.33,36.93,37.38,20.29,14.13,31.45,30.31,27.58,34.42,28.26,28.04,21.43,26.21,31.23,37.15,27.35,28.95,42.85,74.31,92.31,91.4
E08000035,Leeds,NA,NA,NA,NA,0.25,0.38,1.14,4.82,17.11,25.6,41.81,56.26,66.02,56.51,44.73,37.38,28.13,12.67,11.66,15.33,19.77,12.42,6.08,8.36,6.84,5.2,16.35,14.45,17.99,21.92,32.95,66.4,76.79,109.1,119.87
E08000036,Wakefield,NA,NA,NA,NA,NA,NA,1.45,4.06,20,35.07,37.68,42.89,44.34,61.44,49.27,38.55,36.52,28.4,22.61,12.75,18.55,11.59,13.04,19.13,18.26,14.2,14.78,18.55,21.45,19.71,11.88,25.79,35.94,47.82,66.08
E08000037,Gateshead,NA,NA,NA,NA,NA,NA,0.49,1.98,23.7,86.42,120.98,97.77,93.33,83.95,59.26,23.21,16.79,7.9,4.94,3.46,3.46,0.49,1.48,3.46,2.96,1.48,4.44,4.44,8.39,7.9,18.27,58.27,83.95,130.37,129.38
E09000001,City of London,NA,NA,NA,NA,NA,0.69,9.71,20.11,43,69.36,46.12,20.81,16.65,15.95,9.71,5.9,5.9,3.12,3.81,1.39,2.43,1.73,5.9,5.55,17.69,18.73,18.03,12.48,13.18,26.7,18.38,20.11,28.78,24.62,35.72
E09000002,Barking and Dagenham,NA,NA,NA,NA,0.47,0.47,6.13,20.75,35.38,62.26,51.42,41.04,28.77,24.06,17.45,12.74,8.49,5.19,4.25,3.77,2.36,5.66,2.83,2.83,4.72,8.02,12.74,7.08,15.57,13.68,13.21,30.66,34.43,44.34,52.83
E09000003,Barnet,NA,NA,NA,NA,0.26,1.79,11.22,31.37,73.7,78.29,57.38,36.98,29.58,27.03,17.6,12.75,10.71,5.87,3.32,1.79,2.04,1.53,3.57,3.57,7.14,5.61,11.22,6.63,11.73,13.01,16.83,26.27,22.95,23.72,32.9
E09000004,Bexley,NA,NA,NA,NA,NA,NA,8.49,17.8,41.66,69.16,61.88,52.17,40.44,42.06,24.27,17.8,17.39,9.3,4.85,4.85,4.45,3.24,4.45,6.47,5.66,7.68,3.24,4.04,4.85,8.09,12.94,10.52,13.75,22.65,19.01
E09000005,Brent,NA,NA,NA,NA,NA,0.6,13.3,42.62,89.78,108.83,68.32,65.6,33.86,32.04,17.84,9.67,12.39,6.35,4.84,5.74,4.84,5.14,3.33,3.93,2.72,9.67,6.95,5.74,10.28,9.67,14.51,18.14,24.18,27.81,40.21
E09000006,Bromley,NA,NA,NA,NA,0.3,0.3,9.36,27.79,61.61,81.25,66.45,49.53,41.98,41.08,36.85,17.52,7.85,4.53,3.32,2.11,2.11,0.6,2.72,1.81,1.81,1.51,3.32,4.83,8.15,11.78,8.76,16.31,15.1,16.01,19.33
E09000007,Camden,NA,NA,NA,NA,NA,2.29,10.68,20.59,47.29,53.01,39.28,32.8,17.92,11.44,9.15,6.1,4.58,1.91,2.67,3.43,1.91,0.76,0.76,2.29,2.67,3.81,2.67,6.48,8.77,12.58,14.49,13.73,24.79,24.03,18.69
E09000008,Croydon,NA,NA,NA,NA,NA,0.26,10.12,34.25,62.28,97.06,70.07,60.98,44.64,40.48,16.35,13.23,12.2,5.97,4.15,2.34,1.56,2.85,1.56,3.37,1.82,2.85,2.85,4.15,4.93,8.56,10.64,19.2,15.83,16.09,20.5
E09000009,Ealing,NA,NA,NA,NA,0.29,1.75,9.06,30.7,60.82,60.82,69.89,55.56,38.89,36.26,21.35,22.81,11.4,9.06,6.73,4.97,4.09,6.43,5.56,2.63,3.8,6.43,8.48,10.82,11.7,20.76,12.87,20.76,29.53,27.49,42.69
E09000010,Enfield,NA,NA,NA,NA,NA,0.6,8.09,24.56,38.34,49.72,58.11,46.43,53.01,23.36,10.48,13.78,7.49,3.89,2.4,3.59,2.7,3.89,4.19,1.2,5.39,1.8,6.59,5.99,5.69,14.38,11.68,23.36,30.55,27.86,34.15
E09000011,Greenwich,NA,NA,NA,NA,NA,0.35,9.09,26.21,36.34,60.1,53.81,35.29,28.65,23.76,14.68,12.58,7.34,5.94,5.24,4.19,3.14,2.8,2.45,2.45,2.45,6.99,4.54,4.19,4.89,5.24,13.28,12.23,20.62,15.72,28.3
E09000012,Hackney,NA,NA,NA,NA,NA,0.69,9.71,20.11,43,69.36,46.12,20.81,16.65,15.95,9.71,5.9,5.9,3.12,3.81,1.39,2.43,1.73,5.9,5.55,17.69,18.73,18.03,12.48,13.18,26.7,18.38,20.11,28.78,24.62,35.72
E09000013,Hammersmith and Fulham,NA,NA,NA,NA,NA,1.62,14.02,30.74,52.31,67.41,51.23,53.93,65.26,18.34,9.17,6.47,8.09,2.16,5.39,2.7,4.31,10.25,5.39,1.62,2.16,9.17,8.09,11.33,15.64,18.88,22.65,28.58,29.12,21.57,36.13
E09000014,Haringey,NA,NA,NA,NA,NA,0.37,11.46,22.91,39.54,52.47,41.39,27.34,22.54,14.41,14.78,9.98,4.8,2.96,1.85,1.85,2.59,3.33,2.22,4.8,5.54,5.91,6.28,5.17,9.61,15.89,12.19,25.13,25.87,29.93,27.34
E09000015,Harrow,NA,NA,NA,NA,NA,0.4,15.19,42.77,77.55,73.56,66.76,59.56,52.77,43.57,31.18,12.39,8.39,6,6.4,6,1.6,3.2,3.2,5.2,2.4,5.2,8,6,9.59,15.19,21.99,26.38,26.38,27.98,30.78
E09000016,Havering,NA,NA,NA,NA,NA,0.78,4.65,17.84,29.48,72.53,75.25,43.44,31.03,30.25,15.13,11.25,9.7,3.88,3.88,4.27,1.94,5.43,3.88,4.27,6.59,7.37,8.15,6.21,7.37,12.02,15.9,33.75,30.64,33.75,45.77
E09000017,Hillingdon,NA,NA,NA,NA,NA,1.97,5.58,23.95,41.66,55.11,48.88,49.86,36.74,28.21,17.06,12.47,7.55,4.26,2.62,6.56,2.62,6.89,8.53,5.25,4.92,4.59,4.92,8.86,15.42,14.43,11.48,23.29,20.67,34.12,45.6
E09000018,Hounslow,NA,NA,NA,NA,0.74,0.74,8.49,25.85,42.1,63.52,46.9,44.32,42.1,35.82,21.79,12.93,5.54,4.43,9.6,7.76,7.02,8.49,4.43,4.8,4.8,6.65,10.71,13.66,18.83,12.93,13.66,30.28,38.04,28.81,49.49
E09000019,Islington,NA,NA,NA,NA,NA,0.42,12.96,20.07,39.73,46.83,25.51,20.07,16.31,12.13,8.36,7.95,3.76,2.93,2.93,2.93,2.93,0.84,3.35,2.51,3.76,5.85,4.18,5.85,3.35,10.45,10.87,23.42,17.56,25.09,34.71
E09000020,Kensington and Chelsea,NA,NA,NA,NA,1.28,10.88,23.69,26.89,59.54,68.5,55.06,28.17,28.17,16.01,8.96,4.48,6.4,3.2,3.2,2.56,5.12,5.12,1.28,2.56,3.84,8.32,7.04,8.32,12.16,15.37,28.81,33.93,24.33,22.41,19.21
E09000021,Kingston upon Thames,NA,NA,NA,NA,0.57,0.57,4.56,15.39,47.3,54.71,61.55,68.96,40.46,42.74,22.23,23.94,11.4,7.98,6.27,5.7,0.57,1.71,3.42,1.71,2.85,3.42,1.71,8.55,13.68,8.55,13.68,17.67,18.81,19.38,26.22
E09000022,Lambeth,NA,NA,NA,NA,0.31,1.53,19.02,48.17,70.88,84.99,69.65,34.67,29.46,17.18,10.13,9.51,8.9,1.53,2.76,3.07,0.92,0.92,1.53,3.99,3.68,6.44,10.43,7.98,9.2,12.89,17.18,27,23.93,19.94,29.46
E09000023,Lewisham,NA,NA,0.33,NA,NA,0.66,8.57,30.64,57.32,88.95,60.62,43.82,31.96,24.71,12.85,9.88,5.93,4.94,3.29,2.31,2.31,1.65,0.99,3.29,5.6,6.26,5.27,5.93,6.26,11.53,7.58,18.45,19.11,20.43,20.76
E09000024,Merton,NA,NA,NA,NA,0.48,0.97,15.03,31.04,61.11,80.51,66.44,50.92,36.37,31.52,19.4,16,17.94,4.85,4.36,3.88,3.88,6.79,2.91,1.94,3.88,3.88,4.85,4.85,10.67,9.7,6.79,15.52,18.43,13.09,20.85
E09000025,Newham,NA,NA,NA,NA,NA,NA,5.97,18.75,57.1,82.1,66.76,29.55,24.43,18.47,16.48,7.39,6.25,4.83,5.97,4.26,3.41,3.12,4.55,3.98,7.1,5.11,5.11,8.52,11.93,8.52,13.35,30.68,29.55,37.22,49.15
E09000026,Redbridge,NA,NA,NA,NA,NA,0.33,3.62,21.39,38.18,57.92,65.82,32.91,30.28,33.57,30.61,9.54,8.89,3.29,7.57,9.54,3.62,1.97,6.58,3.62,6.91,4.61,7.57,12.51,7.9,7.57,12.18,35.54,39.82,59.57,56.61
E09000027,Richmond upon Thames,NA,NA,NA,NA,NA,1.02,3.56,19.3,51.8,40.63,35.55,30.98,16.76,27.93,10.67,8.13,4.06,6.09,3.56,4.57,1.02,3.05,2.54,0.51,2.03,3.56,4.57,6.09,19.3,10.16,15.24,20.31,19.81,13.71,28.44
E09000028,Southwark,NA,NA,NA,NA,0.95,2.52,20.17,42.24,78.49,98.66,78.8,42.24,22.69,23.01,13.87,11.03,2.84,4.41,1.58,1.26,3.47,1.89,3.78,3.15,4.41,6.3,4.73,5.99,11.66,16.71,11.35,21.43,21.75,28.37,34.36
E09000029,Sutton,NA,NA,NA,NA,NA,1.47,5.38,19.07,56.72,71.38,72.36,98.28,46.45,38.63,18.58,11.73,20.54,8.8,7.33,6.85,1.96,2.44,0.98,4.4,2.93,7.33,3.42,2.93,3.42,12.71,6.36,13.69,12.22,14.18,20.54
E09000030,Tower Hamlets,NA,NA,NA,NA,NA,1.89,5.98,16.37,45.33,53.19,43.12,21.09,19.51,13.22,4.72,3.78,5.67,4.09,3.15,3.78,2.83,1.26,2.83,6.92,5.35,8.5,8.5,5.04,7.55,11.65,15.42,29.27,29.27,32.73,46.27
E09000031,Waltham Forest,NA,NA,NA,NA,NA,0.72,4.7,19.88,58.55,70.83,56.38,47.34,29.63,20.24,18.79,7.23,6.51,3.61,3.25,3.98,5.42,4.7,4.34,3.25,6.14,3.61,2.89,6.87,14.09,10.12,15.54,16.26,24.94,31.44,39.03
E09000032,Wandsworth,NA,NA,NA,NA,0.31,1.23,18.38,36.76,62.79,68,50.54,35.84,18.99,18.07,10.72,9.5,6.43,1.84,1.84,1.23,2.76,3.68,3.37,3.98,6.13,4.59,8.88,9.5,11.03,20.22,19.6,25.12,27.87,20.22,29.1
E09000033,Westminster,NA,NA,NA,NA,0.39,4.31,24.67,32.12,52.87,55.62,34.47,25.46,12.53,20.76,8.22,6.66,5.48,2.74,3.52,5.09,4.7,2.74,3.13,4.7,3.52,4.7,8.62,12.53,8.22,13.71,15.67,23.11,17.23,22.72,24.67
N09000001,Antrim and Newtownabbey,NA,NA,NA,NA,NA,NA,NA,NA,NA,NA,NA,NA,NA,NA,NA,NA,NA,NA,NA,NA,NA,NA,NA,NA,NA,NA,NA,NA,NA,NA,NA,NA,NA,NA,NA
N09000002,"Armagh City, Banbridge and Craigavon",NA,NA,NA,NA,NA,NA,NA,NA,NA,NA,NA,NA,NA,NA,NA,NA,NA,NA,NA,NA,NA,NA,NA,NA,NA,NA,NA,NA,NA,NA,NA,NA,NA,NA,NA
N09000003,Belfast,NA,NA,NA,NA,NA,NA,NA,NA,NA,NA,NA,NA,NA,NA,NA,NA,NA,NA,NA,NA,NA,NA,NA,NA,NA,NA,NA,NA,NA,NA,NA,NA,NA,NA,NA
N09000004,Causeway Coast and Glens,NA,NA,NA,NA,NA,NA,NA,NA,NA,NA,NA,NA,NA,NA,NA,NA,NA,NA,NA,NA,NA,NA,NA,NA,NA,NA,NA,NA,NA,NA,NA,NA,NA,NA,NA
N09000005,Derry City and Strabane,NA,NA,NA,NA,NA,NA,NA,NA,NA,NA,NA,NA,NA,NA,NA,NA,NA,NA,NA,NA,NA,NA,NA,NA,NA,NA,NA,NA,NA,NA,NA,NA,NA,NA,NA
N09000006,Fermanagh and Omagh,NA,NA,NA,NA,NA,NA,NA,NA,NA,NA,NA,NA,NA,NA,NA,NA,NA,NA,NA,NA,NA,NA,NA,NA,NA,NA,NA,NA,NA,NA,NA,NA,NA,NA,NA
N09000007,Lisburn and Castlereagh,NA,NA,NA,NA,NA,NA,NA,NA,NA,NA,NA,NA,NA,NA,NA,NA,NA,NA,NA,NA,NA,NA,NA,NA,NA,NA,NA,NA,NA,NA,NA,NA,NA,NA,NA
N09000008,Mid and East Antrim,NA,NA,NA,NA,NA,NA,NA,NA,NA,NA,NA,NA,NA,NA,NA,NA,NA,NA,NA,NA,NA,NA,NA,NA,NA,NA,NA,NA,NA,NA,NA,NA,NA,NA,NA
N09000009,Mid Ulster,NA,NA,NA,NA,NA,NA,NA,NA,NA,NA,NA,NA,NA,NA,NA,NA,NA,NA,NA,NA,NA,NA,NA,NA,NA,NA,NA,NA,NA,NA,NA,NA,NA,NA,NA
N09000010,"Newry, Mourne and Down",NA,NA,NA,NA,NA,NA,NA,NA,NA,NA,NA,NA,NA,NA,NA,NA,NA,NA,NA,NA,NA,NA,NA,NA,NA,NA,NA,NA,NA,NA,NA,NA,NA,NA,NA
N09000011,Ards and North Down,NA,NA,NA,NA,NA,NA,NA,NA,NA,NA,NA,NA,NA,NA,NA,NA,NA,NA,NA,NA,NA,NA,NA,NA,NA,NA,NA,NA,NA,NA,NA,NA,NA,NA,NA
S12000010,East Lothian,NA,NA,NA,NA,NA,NA,NA,NA,NA,NA,NA,NA,NA,NA,NA,NA,NA,NA,NA,NA,NA,NA,NA,NA,NA,NA,NA,NA,NA,NA,NA,NA,NA,NA,NA
S12000005,Clackmannanshire,NA,NA,NA,NA,NA,NA,NA,NA,NA,NA,NA,NA,NA,NA,NA,NA,NA,NA,NA,NA,NA,NA,NA,NA,NA,NA,NA,NA,NA,NA,NA,NA,NA,NA,NA
S12000011,East Renfrewshire,NA,NA,NA,NA,NA,NA,NA,NA,NA,NA,NA,NA,NA,NA,NA,NA,NA,NA,NA,NA,NA,NA,NA,NA,NA,NA,NA,NA,NA,NA,NA,NA,NA,NA,NA
S12000006,Dumfries and Galloway,NA,NA,NA,NA,NA,NA,NA,NA,NA,NA,NA,NA,NA,NA,NA,NA,NA,NA,NA,NA,NA,NA,NA,NA,NA,NA,NA,NA,NA,NA,NA,NA,NA,NA,NA
S12000013,Na h-Eileanan Siar,NA,NA,NA,NA,NA,NA,NA,NA,NA,NA,NA,NA,NA,NA,NA,NA,NA,NA,NA,NA,NA,NA,NA,NA,NA,NA,NA,NA,NA,NA,NA,NA,NA,NA,NA
S12000014,Falkirk,NA,NA,NA,NA,NA,NA,NA,NA,NA,NA,NA,NA,NA,NA,NA,NA,NA,NA,NA,NA,NA,NA,NA,NA,NA,NA,NA,NA,NA,NA,NA,NA,NA,NA,NA
S12000017,Highland,NA,NA,NA,NA,NA,NA,NA,NA,NA,NA,NA,NA,NA,NA,NA,NA,NA,NA,NA,NA,NA,NA,NA,NA,NA,NA,NA,NA,NA,NA,NA,NA,NA,NA,NA
S12000018,Inverclyde,NA,NA,NA,NA,NA,NA,NA,NA,NA,NA,NA,NA,NA,NA,NA,NA,NA,NA,NA,NA,NA,NA,NA,NA,NA,NA,NA,NA,NA,NA,NA,NA,NA,NA,NA
S12000019,Midlothian,NA,NA,NA,NA,NA,NA,NA,NA,NA,NA,NA,NA,NA,NA,NA,NA,NA,NA,NA,NA,NA,NA,NA,NA,NA,NA,NA,NA,NA,NA,NA,NA,NA,NA,NA
S12000020,Moray,NA,NA,NA,NA,NA,NA,NA,NA,NA,NA,NA,NA,NA,NA,NA,NA,NA,NA,NA,NA,NA,NA,NA,NA,NA,NA,NA,NA,NA,NA,NA,NA,NA,NA,NA
S12000021,North Ayrshire,NA,NA,NA,NA,NA,NA,NA,NA,NA,NA,NA,NA,NA,NA,NA,NA,NA,NA,NA,NA,NA,NA,NA,NA,NA,NA,NA,NA,NA,NA,NA,NA,NA,NA,NA
S12000023,Orkney Islands,NA,NA,NA,NA,NA,NA,NA,NA,NA,NA,NA,NA,NA,NA,NA,NA,NA,NA,NA,NA,NA,NA,NA,NA,NA,NA,NA,NA,NA,NA,NA,NA,NA,NA,NA
S12000026,Scottish Borders,NA,NA,NA,NA,NA,NA,NA,NA,NA,NA,NA,NA,NA,NA,NA,NA,NA,NA,NA,NA,NA,NA,NA,NA,NA,NA,NA,NA,NA,NA,NA,NA,NA,NA,NA
S12000027,Shetland Islands,NA,NA,NA,NA,NA,NA,NA,NA,NA,NA,NA,NA,NA,NA,NA,NA,NA,NA,NA,NA,NA,NA,NA,NA,NA,NA,NA,NA,NA,NA,NA,NA,NA,NA,NA
S12000028,South Ayrshire,NA,NA,NA,NA,NA,NA,NA,NA,NA,NA,NA,NA,NA,NA,NA,NA,NA,NA,NA,NA,NA,NA,NA,NA,NA,NA,NA,NA,NA,NA,NA,NA,NA,NA,NA
S12000029,South Lanarkshire,NA,NA,NA,NA,NA,NA,NA,NA,NA,NA,NA,NA,NA,NA,NA,NA,NA,NA,NA,NA,NA,NA,NA,NA,NA,NA,NA,NA,NA,NA,NA,NA,NA,NA,NA
S12000030,Stirling,NA,NA,NA,NA,NA,NA,NA,NA,NA,NA,NA,NA,NA,NA,NA,NA,NA,NA,NA,NA,NA,NA,NA,NA,NA,NA,NA,NA,NA,NA,NA,NA,NA,NA,NA
S12000033,Aberdeen City,NA,NA,NA,NA,NA,NA,NA,NA,NA,NA,NA,NA,NA,NA,NA,NA,NA,NA,NA,NA,NA,NA,NA,NA,NA,NA,NA,NA,NA,NA,NA,NA,NA,NA,NA
S12000034,Aberdeenshire,NA,NA,NA,NA,NA,NA,NA,NA,NA,NA,NA,NA,NA,NA,NA,NA,NA,NA,NA,NA,NA,NA,NA,NA,NA,NA,NA,NA,NA,NA,NA,NA,NA,NA,NA
S12000035,Argyll and Bute,NA,NA,NA,NA,NA,NA,NA,NA,NA,NA,NA,NA,NA,NA,NA,NA,NA,NA,NA,NA,NA,NA,NA,NA,NA,NA,NA,NA,NA,NA,NA,NA,NA,NA,NA
S12000036,City of Edinburgh,NA,NA,NA,NA,NA,NA,NA,NA,NA,NA,NA,NA,NA,NA,NA,NA,NA,NA,NA,NA,NA,NA,NA,NA,NA,NA,NA,NA,NA,NA,NA,NA,NA,NA,NA
S12000038,Renfrewshire,NA,NA,NA,NA,NA,NA,NA,NA,NA,NA,NA,NA,NA,NA,NA,NA,NA,NA,NA,NA,NA,NA,NA,NA,NA,NA,NA,NA,NA,NA,NA,NA,NA,NA,NA
S12000039,West Dunbartonshire,NA,NA,NA,NA,NA,NA,NA,NA,NA,NA,NA,NA,NA,NA,NA,NA,NA,NA,NA,NA,NA,NA,NA,NA,NA,NA,NA,NA,NA,NA,NA,NA,NA,NA,NA
S12000040,West Lothian,NA,NA,NA,NA,NA,NA,NA,NA,NA,NA,NA,NA,NA,NA,NA,NA,NA,NA,NA,NA,NA,NA,NA,NA,NA,NA,NA,NA,NA,NA,NA,NA,NA,NA,NA
S12000041,Angus,NA,NA,NA,NA,NA,NA,NA,NA,NA,NA,NA,NA,NA,NA,NA,NA,NA,NA,NA,NA,NA,NA,NA,NA,NA,NA,NA,NA,NA,NA,NA,NA,NA,NA,NA
S12000042,Dundee City,NA,NA,NA,NA,NA,NA,NA,NA,NA,NA,NA,NA,NA,NA,NA,NA,NA,NA,NA,NA,NA,NA,NA,NA,NA,NA,NA,NA,NA,NA,NA,NA,NA,NA,NA
S12000045,East Dunbartonshire,NA,NA,NA,NA,NA,NA,NA,NA,NA,NA,NA,NA,NA,NA,NA,NA,NA,NA,NA,NA,NA,NA,NA,NA,NA,NA,NA,NA,NA,NA,NA,NA,NA,NA,NA
S12000047,Fife,NA,NA,NA,NA,NA,NA,NA,NA,NA,NA,NA,NA,NA,NA,NA,NA,NA,NA,NA,NA,NA,NA,NA,NA,NA,NA,NA,NA,NA,NA,NA,NA,NA,NA,NA
S12000048,Perth and Kinross,NA,NA,NA,NA,NA,NA,NA,NA,NA,NA,NA,NA,NA,NA,NA,NA,NA,NA,NA,NA,NA,NA,NA,NA,NA,NA,NA,NA,NA,NA,NA,NA,NA,NA,NA
S12000049,Glasgow City,NA,NA,NA,NA,NA,NA,NA,NA,NA,NA,NA,NA,NA,NA,NA,NA,NA,NA,NA,NA,NA,NA,NA,NA,NA,NA,NA,NA,NA,NA,NA,NA,NA,NA,NA
S12000050,North Lanarkshire,NA,NA,NA,NA,NA,NA,NA,NA,NA,NA,NA,NA,NA,NA,NA,NA,NA,NA,NA,NA,NA,NA,NA,NA,NA,NA,NA,NA,NA,NA,NA,NA,NA,NA,NA
W06000001,Isle of Anglesey,NA,NA,NA,NA,NA,NA,NA,NA,NA,NA,NA,NA,NA,NA,NA,NA,NA,NA,NA,NA,NA,NA,NA,NA,NA,NA,NA,NA,NA,NA,NA,NA,NA,NA,NA
W06000002,Gwynedd,NA,NA,NA,NA,NA,NA,NA,NA,NA,NA,NA,NA,NA,NA,NA,NA,NA,NA,NA,NA,NA,NA,NA,NA,NA,NA,NA,NA,NA,NA,NA,NA,NA,NA,NA
W06000003,Conwy,NA,NA,NA,NA,NA,NA,NA,NA,NA,NA,NA,NA,NA,NA,NA,NA,NA,NA,NA,NA,NA,NA,NA,NA,NA,NA,NA,NA,NA,NA,NA,NA,NA,NA,NA
W06000004,Denbighshire,NA,NA,NA,NA,NA,NA,NA,NA,NA,NA,NA,NA,NA,NA,NA,NA,NA,NA,NA,NA,NA,NA,NA,NA,NA,NA,NA,NA,NA,NA,NA,NA,NA,NA,NA
W06000005,Flintshire,NA,NA,NA,NA,NA,NA,NA,NA,NA,NA,NA,NA,NA,NA,NA,NA,NA,NA,NA,NA,NA,NA,NA,NA,NA,NA,NA,NA,NA,NA,NA,NA,NA,NA,NA
W06000006,Wrexham,NA,NA,NA,NA,NA,NA,NA,NA,NA,NA,NA,NA,NA,NA,NA,NA,NA,NA,NA,NA,NA,NA,NA,NA,NA,NA,NA,NA,NA,NA,NA,NA,NA,NA,NA
W06000008,Ceredigion,NA,NA,NA,NA,NA,NA,NA,NA,NA,NA,NA,NA,NA,NA,NA,NA,NA,NA,NA,NA,NA,NA,NA,NA,NA,NA,NA,NA,NA,NA,NA,NA,NA,NA,NA
W06000009,Pembrokeshire,NA,NA,NA,NA,NA,NA,NA,NA,NA,NA,NA,NA,NA,NA,NA,NA,NA,NA,NA,NA,NA,NA,NA,NA,NA,NA,NA,NA,NA,NA,NA,NA,NA,NA,NA
W06000010,Carmarthenshire,NA,NA,NA,NA,NA,NA,NA,NA,NA,NA,NA,NA,NA,NA,NA,NA,NA,NA,NA,NA,NA,NA,NA,NA,NA,NA,NA,NA,NA,NA,NA,NA,NA,NA,NA
W06000011,Swansea,NA,NA,NA,NA,NA,NA,NA,NA,NA,NA,NA,NA,NA,NA,NA,NA,NA,NA,NA,NA,NA,NA,NA,NA,NA,NA,NA,NA,NA,NA,NA,NA,NA,NA,NA
W06000012,Neath Port Talbot,NA,NA,NA,NA,NA,NA,NA,NA,NA,NA,NA,NA,NA,NA,NA,NA,NA,NA,NA,NA,NA,NA,NA,NA,NA,NA,NA,NA,NA,NA,NA,NA,NA,NA,NA
W06000013,Bridgend,NA,NA,NA,NA,NA,NA,NA,NA,NA,NA,NA,NA,NA,NA,NA,NA,NA,NA,NA,NA,NA,NA,NA,NA,NA,NA,NA,NA,NA,NA,NA,NA,NA,NA,NA
W06000014,Vale of Glamorgan,NA,NA,NA,NA,NA,NA,NA,NA,NA,NA,NA,NA,NA,NA,NA,NA,NA,NA,NA,NA,NA,NA,NA,NA,NA,NA,NA,NA,NA,NA,NA,NA,NA,NA,NA
W06000015,Cardiff,NA,NA,NA,NA,NA,NA,NA,NA,NA,NA,NA,NA,NA,NA,NA,NA,NA,NA,NA,NA,NA,NA,NA,NA,NA,NA,NA,NA,NA,NA,NA,NA,NA,NA,NA
W06000016,Rhondda Cynon Taf,NA,NA,NA,NA,NA,NA,NA,NA,NA,NA,NA,NA,NA,NA,NA,NA,NA,NA,NA,NA,NA,NA,NA,NA,NA,NA,NA,NA,NA,NA,NA,NA,NA,NA,NA
W06000018,Caerphilly,NA,NA,NA,NA,NA,NA,NA,NA,NA,NA,NA,NA,NA,NA,NA,NA,NA,NA,NA,NA,NA,NA,NA,NA,NA,NA,NA,NA,NA,NA,NA,NA,NA,NA,NA
W06000019,Blaenau Gwent,NA,NA,NA,NA,NA,NA,NA,NA,NA,NA,NA,NA,NA,NA,NA,NA,NA,NA,NA,NA,NA,NA,NA,NA,NA,NA,NA,NA,NA,NA,NA,NA,NA,NA,NA
W06000020,Torfaen,NA,NA,NA,NA,NA,NA,NA,NA,NA,NA,NA,NA,NA,NA,NA,NA,NA,NA,NA,NA,NA,NA,NA,NA,NA,NA,NA,NA,NA,NA,NA,NA,NA,NA,NA
W06000021,Monmouthshire,NA,NA,NA,NA,NA,NA,NA,NA,NA,NA,NA,NA,NA,NA,NA,NA,NA,NA,NA,NA,NA,NA,NA,NA,NA,NA,NA,NA,NA,NA,NA,NA,NA,NA,NA
W06000022,Newport,NA,NA,NA,NA,NA,NA,NA,NA,NA,NA,NA,NA,NA,NA,NA,NA,NA,NA,NA,NA,NA,NA,NA,NA,NA,NA,NA,NA,NA,NA,NA,NA,NA,NA,NA
W06000023,Powys,NA,NA,NA,NA,NA,NA,NA,NA,NA,NA,NA,NA,NA,NA,NA,NA,NA,NA,NA,NA,NA,NA,NA,NA,NA,NA,NA,NA,NA,NA,NA,NA,NA,NA,NA
W06000024,Merthyr Tydfil,NA,NA,NA,NA,NA,NA,NA,NA,NA,NA,NA,NA,NA,NA,NA,NA,NA,NA,NA,NA,NA,NA,NA,NA,NA,NA,NA,NA,NA,NA,NA,NA,NA,NA,NA
E07000084,Basingstoke and Deane,NA,NA,NA,NA,NA,NA,NA,NA,NA,NA,NA,NA,NA,NA,NA,NA,NA,NA,NA,NA,NA,NA,NA,NA,NA,NA,NA,NA,NA,NA,NA,NA,NA,NA,NA
E07000085,East Hampshire,NA,NA,NA,NA,NA,NA,NA,NA,NA,NA,NA,NA,NA,NA,NA,NA,NA,NA,NA,NA,NA,NA,NA,NA,NA,NA,NA,NA,NA,NA,NA,NA,NA,NA,NA
E07000086,Eastleigh,NA,NA,NA,NA,NA,NA,NA,NA,NA,NA,NA,NA,NA,NA,NA,NA,NA,NA,NA,NA,NA,NA,NA,NA,NA,NA,NA,NA,NA,NA,NA,NA,NA,NA,NA
E07000087,Fareham,NA,NA,NA,NA,NA,NA,NA,NA,NA,NA,NA,NA,NA,NA,NA,NA,NA,NA,NA,NA,NA,NA,NA,NA,NA,NA,NA,NA,NA,NA,NA,NA,NA,NA,NA
E07000088,Gosport,NA,NA,NA,NA,NA,NA,NA,NA,NA,NA,NA,NA,NA,NA,NA,NA,NA,NA,NA,NA,NA,NA,NA,NA,NA,NA,NA,NA,NA,NA,NA,NA,NA,NA,NA
E07000089,Hart,NA,NA,NA,NA,NA,NA,NA,NA,NA,NA,NA,NA,NA,NA,NA,NA,NA,NA,NA,NA,NA,NA,NA,NA,NA,NA,NA,NA,NA,NA,NA,NA,NA,NA,NA
E07000090,Havant,NA,NA,NA,NA,NA,NA,NA,NA,NA,NA,NA,NA,NA,NA,NA,NA,NA,NA,NA,NA,NA,NA,NA,NA,NA,NA,NA,NA,NA,NA,NA,NA,NA,NA,NA
E07000091,New Forest,NA,NA,NA,NA,NA,NA,NA,NA,NA,NA,NA,NA,NA,NA,NA,NA,NA,NA,NA,NA,NA,NA,NA,NA,NA,NA,NA,NA,NA,NA,NA,NA,NA,NA,NA
E07000092,Rushmoor,NA,NA,NA,NA,NA,NA,NA,NA,NA,NA,NA,NA,NA,NA,NA,NA,NA,NA,NA,NA,NA,NA,NA,NA,NA,NA,NA,NA,NA,NA,NA,NA,NA,NA,NA
E07000093,Test Valley,NA,NA,NA,NA,NA,NA,NA,NA,NA,NA,NA,NA,NA,NA,NA,NA,NA,NA,NA,NA,NA,NA,NA,NA,NA,NA,NA,NA,NA,NA,NA,NA,NA,NA,NA
E07000094,Winchester,NA,NA,NA,NA,NA,NA,NA,NA,NA,NA,NA,NA,NA,NA,NA,NA,NA,NA,NA,NA,NA,NA,NA,NA,NA,NA,NA,NA,NA,NA,NA,NA,NA,NA,NA
E07000095,Broxbourne,NA,NA,NA,NA,NA,NA,NA,NA,NA,NA,NA,NA,NA,NA,NA,NA,NA,NA,NA,NA,NA,NA,NA,NA,NA,NA,NA,NA,NA,NA,NA,NA,NA,NA,NA
E07000096,Dacorum,NA,NA,NA,NA,NA,NA,NA,NA,NA,NA,NA,NA,NA,NA,NA,NA,NA,NA,NA,NA,NA,NA,NA,NA,NA,NA,NA,NA,NA,NA,NA,NA,NA,NA,NA
E07000098,Hertsmere,NA,NA,NA,NA,NA,NA,NA,NA,NA,NA,NA,NA,NA,NA,NA,NA,NA,NA,NA,NA,NA,NA,NA,NA,NA,NA,NA,NA,NA,NA,NA,NA,NA,NA,NA
E07000099,North Hertfordshire,NA,NA,NA,NA,NA,NA,NA,NA,NA,NA,NA,NA,NA,NA,NA,NA,NA,NA,NA,NA,NA,NA,NA,NA,NA,NA,NA,NA,NA,NA,NA,NA,NA,NA,NA
E07000102,Three Rivers,NA,NA,NA,NA,NA,NA,NA,NA,NA,NA,NA,NA,NA,NA,NA,NA,NA,NA,NA,NA,NA,NA,NA,NA,NA,NA,NA,NA,NA,NA,NA,NA,NA,NA,NA
E07000103,Watford,NA,NA,NA,NA,NA,NA,NA,NA,NA,NA,NA,NA,NA,NA,NA,NA,NA,NA,NA,NA,NA,NA,NA,NA,NA,NA,NA,NA,NA,NA,NA,NA,NA,NA,NA
E07000105,Ashford,NA,NA,NA,NA,NA,NA,NA,NA,NA,NA,NA,NA,NA,NA,NA,NA,NA,NA,NA,NA,NA,NA,NA,NA,NA,NA,NA,NA,NA,NA,NA,NA,NA,NA,NA
E07000106,Canterbury,NA,NA,NA,NA,NA,NA,NA,NA,NA,NA,NA,NA,NA,NA,NA,NA,NA,NA,NA,NA,NA,NA,NA,NA,NA,NA,NA,NA,NA,NA,NA,NA,NA,NA,NA
E07000107,Dartford,NA,NA,NA,NA,NA,NA,NA,NA,NA,NA,NA,NA,NA,NA,NA,NA,NA,NA,NA,NA,NA,NA,NA,NA,NA,NA,NA,NA,NA,NA,NA,NA,NA,NA,NA
E07000108,Dover,NA,NA,NA,NA,NA,NA,NA,NA,NA,NA,NA,NA,NA,NA,NA,NA,NA,NA,NA,NA,NA,NA,NA,NA,NA,NA,NA,NA,NA,NA,NA,NA,NA,NA,NA
E07000109,Gravesham,NA,NA,NA,NA,NA,NA,NA,NA,NA,NA,NA,NA,NA,NA,NA,NA,NA,NA,NA,NA,NA,NA,NA,NA,NA,NA,NA,NA,NA,NA,NA,NA,NA,NA,NA
E07000110,Maidstone,NA,NA,NA,NA,NA,NA,NA,NA,NA,NA,NA,NA,NA,NA,NA,NA,NA,NA,NA,NA,NA,NA,NA,NA,NA,NA,NA,NA,NA,NA,NA,NA,NA,NA,NA
E07000111,Sevenoaks,NA,NA,NA,NA,NA,NA,NA,NA,NA,NA,NA,NA,NA,NA,NA,NA,NA,NA,NA,NA,NA,NA,NA,NA,NA,NA,NA,NA,NA,NA,NA,NA,NA,NA,NA
E07000112,Folkestone and Hythe,NA,NA,NA,NA,NA,NA,NA,NA,NA,NA,NA,NA,NA,NA,NA,NA,NA,NA,NA,NA,NA,NA,NA,NA,NA,NA,NA,NA,NA,NA,NA,NA,NA,NA,NA
E07000113,Swale,NA,NA,NA,NA,NA,NA,NA,NA,NA,NA,NA,NA,NA,NA,NA,NA,NA,NA,NA,NA,NA,NA,NA,NA,NA,NA,NA,NA,NA,NA,NA,NA,NA,NA,NA
E07000114,Thanet,NA,NA,NA,NA,NA,NA,NA,NA,NA,NA,NA,NA,NA,NA,NA,NA,NA,NA,NA,NA,NA,NA,NA,NA,NA,NA,NA,NA,NA,NA,NA,NA,NA,NA,NA
E07000115,Tonbridge and Malling,NA,NA,NA,NA,NA,NA,NA,NA,NA,NA,NA,NA,NA,NA,NA,NA,NA,NA,NA,NA,NA,NA,NA,NA,NA,NA,NA,NA,NA,NA,NA,NA,NA,NA,NA
E07000116,Tunbridge Wells,NA,NA,NA,NA,NA,NA,NA,NA,NA,NA,NA,NA,NA,NA,NA,NA,NA,NA,NA,NA,NA,NA,NA,NA,NA,NA,NA,NA,NA,NA,NA,NA,NA,NA,NA
E07000117,Burnley,NA,NA,NA,NA,NA,NA,NA,NA,NA,NA,NA,NA,NA,NA,NA,NA,NA,NA,NA,NA,NA,NA,NA,NA,NA,NA,NA,NA,NA,NA,NA,NA,NA,NA,NA
E07000118,Chorley,NA,NA,NA,NA,NA,NA,NA,NA,NA,NA,NA,NA,NA,NA,NA,NA,NA,NA,NA,NA,NA,NA,NA,NA,NA,NA,NA,NA,NA,NA,NA,NA,NA,NA,NA
E07000119,Fylde,NA,NA,NA,NA,NA,NA,NA,NA,NA,NA,NA,NA,NA,NA,NA,NA,NA,NA,NA,NA,NA,NA,NA,NA,NA,NA,NA,NA,NA,NA,NA,NA,NA,NA,NA
E07000120,Hyndburn,NA,NA,NA,NA,NA,NA,NA,NA,NA,NA,NA,NA,NA,NA,NA,NA,NA,NA,NA,NA,NA,NA,NA,NA,NA,NA,NA,NA,NA,NA,NA,NA,NA,NA,NA
E07000121,Lancaster,NA,NA,NA,NA,NA,NA,NA,NA,NA,NA,NA,NA,NA,NA,NA,NA,NA,NA,NA,NA,NA,NA,NA,NA,NA,NA,NA,NA,NA,NA,NA,NA,NA,NA,NA
E07000122,Pendle,NA,NA,NA,NA,NA,NA,NA,NA,NA,NA,NA,NA,NA,NA,NA,NA,NA,NA,NA,NA,NA,NA,NA,NA,NA,NA,NA,NA,NA,NA,NA,NA,NA,NA,NA
E07000123,Preston,NA,NA,NA,NA,NA,NA,NA,NA,NA,NA,NA,NA,NA,NA,NA,NA,NA,NA,NA,NA,NA,NA,NA,NA,NA,NA,NA,NA,NA,NA,NA,NA,NA,NA,NA
E07000124,Ribble Valley,NA,NA,NA,NA,NA,NA,NA,NA,NA,NA,NA,NA,NA,NA,NA,NA,NA,NA,NA,NA,NA,NA,NA,NA,NA,NA,NA,NA,NA,NA,NA,NA,NA,NA,NA
E07000125,Rossendale,NA,NA,NA,NA,NA,NA,NA,NA,NA,NA,NA,NA,NA,NA,NA,NA,NA,NA,NA,NA,NA,NA,NA,NA,NA,NA,NA,NA,NA,NA,NA,NA,NA,NA,NA
E07000126,South Ribble,NA,NA,NA,NA,NA,NA,NA,NA,NA,NA,NA,NA,NA,NA,NA,NA,NA,NA,NA,NA,NA,NA,NA,NA,NA,NA,NA,NA,NA,NA,NA,NA,NA,NA,NA
E07000127,West Lancashire,NA,NA,NA,NA,NA,NA,NA,NA,NA,NA,NA,NA,NA,NA,NA,NA,NA,NA,NA,NA,NA,NA,NA,NA,NA,NA,NA,NA,NA,NA,NA,NA,NA,NA,NA
E07000128,Wyre,NA,NA,NA,NA,NA,NA,NA,NA,NA,NA,NA,NA,NA,NA,NA,NA,NA,NA,NA,NA,NA,NA,NA,NA,NA,NA,NA,NA,NA,NA,NA,NA,NA,NA,NA
E07000129,Blaby,NA,NA,NA,NA,NA,NA,NA,NA,NA,NA,NA,NA,NA,NA,NA,NA,NA,NA,NA,NA,NA,NA,NA,NA,NA,NA,NA,NA,NA,NA,NA,NA,NA,NA,NA
E07000130,Charnwood,NA,NA,NA,NA,NA,NA,NA,NA,NA,NA,NA,NA,NA,NA,NA,NA,NA,NA,NA,NA,NA,NA,NA,NA,NA,NA,NA,NA,NA,NA,NA,NA,NA,NA,NA
E07000131,Harborough,NA,NA,NA,NA,NA,NA,NA,NA,NA,NA,NA,NA,NA,NA,NA,NA,NA,NA,NA,NA,NA,NA,NA,NA,NA,NA,NA,NA,NA,NA,NA,NA,NA,NA,NA
E07000132,Hinckley and Bosworth,NA,NA,NA,NA,NA,NA,NA,NA,NA,NA,NA,NA,NA,NA,NA,NA,NA,NA,NA,NA,NA,NA,NA,NA,NA,NA,NA,NA,NA,NA,NA,NA,NA,NA,NA
E07000133,Melton,NA,NA,NA,NA,NA,NA,NA,NA,NA,NA,NA,NA,NA,NA,NA,NA,NA,NA,NA,NA,NA,NA,NA,NA,NA,NA,NA,NA,NA,NA,NA,NA,NA,NA,NA
E07000134,North West Leicestershire,NA,NA,NA,NA,NA,NA,NA,NA,NA,NA,NA,NA,NA,NA,NA,NA,NA,NA,NA,NA,NA,NA,NA,NA,NA,NA,NA,NA,NA,NA,NA,NA,NA,NA,NA
E07000135,Oadby and Wigston,NA,NA,NA,NA,NA,NA,NA,NA,NA,NA,NA,NA,NA,NA,NA,NA,NA,NA,NA,NA,NA,NA,NA,NA,NA,NA,NA,NA,NA,NA,NA,NA,NA,NA,NA
E07000136,Boston,NA,NA,NA,NA,NA,NA,NA,NA,NA,NA,NA,NA,NA,NA,NA,NA,NA,NA,NA,NA,NA,NA,NA,NA,NA,NA,NA,NA,NA,NA,NA,NA,NA,NA,NA
E07000137,East Lindsey,NA,NA,NA,NA,NA,NA,NA,NA,NA,NA,NA,NA,NA,NA,NA,NA,NA,NA,NA,NA,NA,NA,NA,NA,NA,NA,NA,NA,NA,NA,NA,NA,NA,NA,NA
E07000138,Lincoln,NA,NA,NA,NA,NA,NA,NA,NA,NA,NA,NA,NA,NA,NA,NA,NA,NA,NA,NA,NA,NA,NA,NA,NA,NA,NA,NA,NA,NA,NA,NA,NA,NA,NA,NA
E07000139,North Kesteven,NA,NA,NA,NA,NA,NA,NA,NA,NA,NA,NA,NA,NA,NA,NA,NA,NA,NA,NA,NA,NA,NA,NA,NA,NA,NA,NA,NA,NA,NA,NA,NA,NA,NA,NA
E07000140,South Holland,NA,NA,NA,NA,NA,NA,NA,NA,NA,NA,NA,NA,NA,NA,NA,NA,NA,NA,NA,NA,NA,NA,NA,NA,NA,NA,NA,NA,NA,NA,NA,NA,NA,NA,NA
E07000141,South Kesteven,NA,NA,NA,NA,NA,NA,NA,NA,NA,NA,NA,NA,NA,NA,NA,NA,NA,NA,NA,NA,NA,NA,NA,NA,NA,NA,NA,NA,NA,NA,NA,NA,NA,NA,NA
E07000142,West Lindsey,NA,NA,NA,NA,NA,NA,NA,NA,NA,NA,NA,NA,NA,NA,NA,NA,NA,NA,NA,NA,NA,NA,NA,NA,NA,NA,NA,NA,NA,NA,NA,NA,NA,NA,NA
England,England,0,0,0.01,0,0.04,0.37,1.53,6.56,20.78,41.44,47.11,43.17,34.78,26.45,19.76,13.02,10.65,6.59,4.85,3.85,3.32,2.25,4.56,7.15,7.24,7.59,8.68,9.89,12.24,11.12,13.38,18.94,32.82,38.69,60.08
